[deepseekcoder] [EXCEPTION] report_deepseekcoder.md | Path.write_text() got an unexpected keyword argument 'append'
[deepseekcoder] [EXCEPTION] report_deepseekr1.md | Path.write_text() got an unexpected keyword argument 'append'
[deepseekcoder] [OK] summarize_repo.py
[deepseekcoder] [OK] merged_unified.html
[deepseekcoder] [OK] docker-compose.yml
[deepseekcoder] [OK] Dockerfile
[deepseekcoder] [OK] init-wordpress-db.sh
[deepseekcoder] [OK] ai-weather/package-lock.json
[deepseekcoder] [OK] report_codeqwen.md
[deepseekcoder] [OK] ai-weather/README.md
[deepseekcoder] [OK] ai-weather/server.js
[deepseekcoder] [OK] ai-weather/package.json
[deepseekcoder] [OK] ai-weather/.gitignore
[deepseekcoder] [OK] ai-weather/node_modules/.package-lock.json
[deepseekcoder] [OK] ai-weather/node_modules/chalk/package.json
[deepseekcoder] [OK] ai-weather/node_modules/chalk/readme.md
[deepseekcoder] [OK] ai-weather/node_modules/chalk/source/index.js
[deepseekcoder] [OK] ai-weather/node_modules/chalk/source/utilities.js
[deepseekcoder] [OK] ai-weather/node_modules/chalk/source/index.d.ts
[deepseekcoder] [OK] ai-weather/node_modules/chalk/source/vendor/ansi-styles/index.js
[deepseekcoder] [OK] ai-weather/node_modules/chalk/source/vendor/supports-color/index.js
[deepseekcoder] [OK] ai-weather/node_modules/chalk/source/vendor/ansi-styles/index.d.ts
[deepseekcoder] [OK] ai-weather/node_modules/chalk/source/vendor/supports-color/browser.js
[deepseekcoder] [OK] ai-weather/node_modules/chalk/source/vendor/supports-color/index.d.ts
[deepseekcoder] [OK] ai-weather/node_modules/chalk/source/vendor/supports-color/browser.d.ts
[deepseekcoder] [OK] ai-weather/node_modules/@tinoschroeter/weather-js/index.js
[deepseekcoder] [OK] ai-weather/node_modules/@tinoschroeter/weather-js/README.md
[deepseekcoder] [OK] ai-weather/node_modules/@tinoschroeter/weather-js/CHANGELOG.md
[deepseekcoder] [OK] ai-weather/node_modules/@tinoschroeter/weather-js/test/all.test.js
[deepseekcoder] [OK] ai-weather/node_modules/@tinoschroeter/weather-js/package.json
[deepseekcoder] [OK] ai-weather/node_modules/json-colorizer/README.md
[deepseekcoder] [OK] ai-weather/node_modules/json-colorizer/src/lib/index.js
[deepseekcoder] [OK] ai-weather/node_modules/json-colorizer/package.json
[deepseekcoder] [OK] ai-weather/node_modules/json-colorizer/src/lib/index.d.ts
[deepseekcoder] [OK] ai-weather/node_modules/json-colorizer/src/lib/lexer.js
[deepseekcoder] [OK] ai-weather/node_modules/json-colorizer/src/lib/colorizer.js
[deepseekcoder] [OK] ai-weather/node_modules/json-colorizer/node_modules/chalk/index.js
[deepseekcoder] [OK] ai-weather/node_modules/json-colorizer/node_modules/chalk/readme.md
[deepseekcoder] [OK] ai-weather/node_modules/json-colorizer/node_modules/chalk/templates.js
[deepseekcoder] [OK] ai-weather/node_modules/json-colorizer/node_modules/chalk/package.json
[deepseekcoder] [OK] ai-weather/node_modules/lodash.get/index.js
[deepseekcoder] [OK] ai-weather/node_modules/json-colorizer/node_modules/chalk/types/index.d.ts
[deepseekcoder] [OK] ai-weather/node_modules/lodash.get/README.md
[deepseekcoder] [OK] ai-weather/node_modules/lodash.get/package.json
[deepseekcoder] [OK] ai-weather/node_modules/whatwg-fetch/fetch.js
[deepseekcoder] [OK] ai-weather/node_modules/whatwg-fetch/package.json
[deepseekcoder] [OK] ai-weather/node_modules/whatwg-fetch/README.md
[deepseekcoder] [OK] ai-weather/node_modules/whatwg-fetch/dist/fetch.umd.js
[deepseekcoder] [OK] ai-weather/node_modules/xmlbuilder/appveyor.yml
[deepseekcoder] [OK] ai-weather/node_modules/xmlbuilder/README.md
[deepseekcoder] [OK] ai-weather/node_modules/xmlbuilder/CHANGELOG.md
[deepseekcoder] [OK] ai-weather/node_modules/xmlbuilder/typings/index.d.ts
[deepseekcoder] [OK] ai-weather/node_modules/xmlbuilder/package.json
[deepseekcoder] [OK] ai-weather/node_modules/xmlbuilder/lib/XMLDOMConfiguration.js
[deepseekcoder] [OK] ai-weather/node_modules/xmlbuilder/lib/XMLProcessingInstruction.js
[deepseekcoder] [OK] ai-weather/node_modules/xmlbuilder/lib/index.js
[deepseekcoder] [OK] ai-weather/node_modules/xmlbuilder/lib/XMLNamedNodeMap.js
[deepseekcoder] [OK] ai-weather/node_modules/xmlbuilder/lib/XMLDOMErrorHandler.js
[deepseekcoder] [OK] ai-weather/node_modules/xmlbuilder/lib/XMLDeclaration.js
[deepseekcoder] [OK] ai-weather/node_modules/xmlbuilder/lib/XMLText.js
[deepseekcoder] [OK] ai-weather/node_modules/xmlbuilder/lib/XMLDummy.js
[deepseekcoder] [OK] ai-weather/node_modules/xmlbuilder/lib/Derivation.js
[deepseekcoder] [OK] ai-weather/node_modules/xmlbuilder/lib/XMLNode.js
[deepseekcoder] [OK] ai-weather/node_modules/xmlbuilder/lib/XMLDocument.js
[deepseekcoder] [OK] ai-weather/node_modules/xmlbuilder/lib/DocumentPosition.js
[deepseekcoder] [OK] ai-weather/node_modules/xmlbuilder/lib/XMLDOMStringList.js
[deepseekcoder] [OK] ai-weather/node_modules/xmlbuilder/lib/XMLDocumentCB.js
[deepseekcoder] [OK] ai-weather/node_modules/xmlbuilder/lib/XMLStreamWriter.js
[deepseekcoder] [OK] ai-weather/node_modules/xmlbuilder/lib/XMLUserDataHandler.js
[deepseekcoder] [OK] ai-weather/node_modules/xmlbuilder/lib/XMLCData.js
[deepseekcoder] [OK] ai-weather/node_modules/xmlbuilder/lib/XMLDTDNotation.js
[deepseekcoder] [OK] ai-weather/node_modules/xmlbuilder/lib/XMLDTDElement.js
[deepseekcoder] [OK] ai-weather/node_modules/xmlbuilder/lib/XMLRaw.js
[deepseekcoder] [OK] ai-weather/node_modules/xmlbuilder/lib/XMLElement.js
[deepseekcoder] [OK] ai-weather/node_modules/xmlbuilder/lib/XMLTypeInfo.js
[deepseekcoder] [OK] ai-weather/node_modules/xmlbuilder/lib/XMLNodeList.js
[deepseekcoder] [OK] ai-weather/node_modules/xmlbuilder/lib/NodeType.js
[deepseekcoder] [OK] ai-weather/node_modules/xmlbuilder/lib/XMLDOMImplementation.js
[deepseekcoder] [OK] ai-weather/node_modules/xmlbuilder/lib/XMLAttribute.js
[deepseekcoder] [OK] ai-weather/node_modules/xmlbuilder/lib/XMLCharacterData.js
[deepseekcoder] [OK] ai-weather/node_modules/xmlbuilder/lib/XMLComment.js
[deepseekcoder] [OK] ai-weather/node_modules/xmlbuilder/lib/Utility.js
[deepseekcoder] [OK] ai-weather/node_modules/xmlbuilder/lib/XMLStringWriter.js
[deepseekcoder] [OK] ai-weather/node_modules/xmlbuilder/lib/XMLStringifier.js
[deepseekcoder] [OK] ai-weather/node_modules/xmlbuilder/lib/XMLDocumentFragment.js
[deepseekcoder] [OK] ai-weather/node_modules/xmlbuilder/lib/XMLDocType.js
[deepseekcoder] [OK] ai-weather/node_modules/xmlbuilder/lib/WriterState.js
[deepseekcoder] [OK] ai-weather/node_modules/xmlbuilder/lib/XMLDTDEntity.js
[deepseekcoder] [OK] ai-weather/node_modules/xmlbuilder/lib/OperationType.js
[deepseekcoder] [OK] ai-weather/node_modules/xmlbuilder/lib/XMLWriterBase.js
[deepseekcoder] [OK] ai-weather/node_modules/xmlbuilder/lib/XMLNodeFilter.js
[deepseekcoder] [OK] ai-weather/node_modules/xmlbuilder/lib/XMLDTDAttList.js
[deepseekcoder] [OK] ai-weather/node_modules/ansi-styles/index.js
[deepseekcoder] [OK] ai-weather/node_modules/ansi-styles/readme.md
[deepseekcoder] [OK] ai-weather/node_modules/ansi-styles/package.json
[deepseekcoder] [OK] ai-weather/node_modules/has-flag/index.js
[deepseekcoder] [OK] ai-weather/node_modules/has-flag/readme.md
[deepseekcoder] [OK] ai-weather/node_modules/has-flag/package.json
[deepseekcoder] [OK] ai-weather/node_modules/sax/README.md
[deepseekcoder] [OK] ai-weather/node_modules/sax/package.json
[deepseekcoder] [OK] ai-weather/node_modules/sax/lib/sax.js
[deepseekcoder] [OK] ai-weather/node_modules/color-name/README.md
[deepseekcoder] [OK] ai-weather/node_modules/color-name/index.js
[deepseekcoder] [OK] ai-weather/node_modules/color-name/package.json
[deepseekcoder] [OK] ai-weather/node_modules/color-name/.eslintrc.json
[deepseekcoder] [OK] ai-weather/node_modules/color-name/test.js
[deepseekcoder] [OK] ai-weather/node_modules/ollama/.prettierrc.json
[deepseekcoder] [OK] ai-weather/node_modules/ollama/README.md
[deepseekcoder] [OK] ai-weather/node_modules/ollama/package.json
[deepseekcoder] [OK] ai-weather/node_modules/ollama/src/version.ts
[deepseekcoder] [OK] ai-weather/node_modules/ollama/src/interfaces.ts
[deepseekcoder] [OK] ai-weather/node_modules/ollama/src/browser.ts
[deepseekcoder] [OK] ai-weather/node_modules/ollama/src/index.ts
[deepseekcoder] [OK] ai-weather/node_modules/ollama/src/utils.ts
[deepseekcoder] [OK] ai-weather/node_modules/ollama/examples/README.md
[deepseekcoder] [OK] ai-weather/node_modules/ollama/examples/pull-progress/pull.ts
[deepseekcoder] [OK] ai-weather/node_modules/ollama/examples/multimodal/multimodal.ts
[deepseekcoder] [OK] ai-weather/node_modules/ollama/examples/fill-in-middle/fill.ts
[deepseekcoder] [OK] ai-weather/node_modules/ollama/examples/abort/abort.ts
[deepseekcoder] [OK] ai-weather/node_modules/ollama/.github/workflows/test.yaml
[deepseekcoder] [OK] ai-weather/node_modules/ollama/.github/workflows/publish.yaml
[deepseekcoder] [OK] ai-weather/node_modules/ollama/dist/index.js
[deepseekcoder] [OK] ai-weather/node_modules/ollama/dist/utils.js
[deepseekcoder] [OK] ai-weather/node_modules/ollama/dist/browser.js
[deepseekcoder] [OK] ai-weather/node_modules/ollama/dist/utils.d.ts
[deepseekcoder] [OK] ai-weather/node_modules/ollama/dist/index.d.ts
[deepseekcoder] [OK] ai-weather/node_modules/ollama/dist/interfaces.d.ts
[deepseekcoder] [OK] ai-weather/node_modules/ollama/dist/version.d.ts
[deepseekcoder] [OK] ai-weather/node_modules/ollama/dist/version.js
[deepseekcoder] [OK] ai-weather/node_modules/ollama/dist/interfaces.js
[deepseekcoder] [OK] ai-weather/node_modules/ollama/dist/browser.d.ts
[deepseekcoder] [OK] ai-weather/node_modules/supports-color/index.js
[deepseekcoder] [OK] ai-weather/node_modules/supports-color/browser.js
[deepseekcoder] [OK] ai-weather/node_modules/supports-color/readme.md
[deepseekcoder] [OK] ai-weather/node_modules/supports-color/package.json
[deepseekcoder] [OK] ai-weather/node_modules/date-fns/yearsToDays.js
[deepseekcoder] [OK] ai-weather/node_modules/date-fns/endOfMinute.js
[deepseekcoder] [OK] ai-weather/node_modules/date-fns/endOfSecond.js
[deepseekcoder] [OK] ai-weather/node_modules/date-fns/getWeek.d.ts
[deepseekcoder] [OK] ai-weather/node_modules/date-fns/differenceInDays.d.ts
[deepseekcoder] [OK] ai-weather/node_modules/date-fns/differenceInCalendarDays.d.ts
[deepseekcoder] [OK] ai-weather/node_modules/date-fns/formatDistanceToNow.d.ts
[deepseekcoder] [OK] ai-weather/node_modules/date-fns/getTime.d.ts
[deepseekcoder] [OK] ai-weather/node_modules/date-fns/getWeekYear.js
[deepseekcoder] [OK] ai-weather/node_modules/date-fns/isThisQuarter.d.ts
[deepseekcoder] [OK] ai-weather/node_modules/date-fns/minutesToHours.d.ts
[deepseekcoder] [OK] ai-weather/node_modules/date-fns/isSameMinute.d.ts
[deepseekcoder] [OK] ai-weather/node_modules/date-fns/daysToWeeks.d.ts
[deepseekcoder] [OK] ai-weather/node_modules/date-fns/isThisISOWeek.d.ts
[deepseekcoder] [OK] ai-weather/node_modules/date-fns/isWednesday.d.ts
[deepseekcoder] [OK] ai-weather/node_modules/date-fns/startOfISOWeekYear.d.ts
[deepseekcoder] [OK] ai-weather/node_modules/date-fns/setDefaultOptions.d.ts
[deepseekcoder] [OK] ai-weather/node_modules/date-fns/endOfToday.d.ts
[deepseekcoder] [OK] ai-weather/node_modules/date-fns/getQuarter.d.ts
[deepseekcoder] [OK] ai-weather/node_modules/date-fns/differenceInSeconds.d.ts
[deepseekcoder] [OK] ai-weather/node_modules/date-fns/eachDayOfInterval.d.ts
[deepseekcoder] [OK] ai-weather/node_modules/date-fns/isLastDayOfMonth.js
[deepseekcoder] [OK] ai-weather/node_modules/date-fns/addYears.js
[deepseekcoder] [OK] ai-weather/node_modules/date-fns/nextMonday.js
[deepseekcoder] [OK] ai-weather/node_modules/date-fns/startOfDay.d.ts
[deepseekcoder] [OK] ai-weather/node_modules/date-fns/toDate.d.ts
[deepseekcoder] [OK] ai-weather/node_modules/date-fns/add.js
[deepseekcoder] [OK] ai-weather/node_modules/date-fns/lastDayOfDecade.d.ts
[deepseekcoder] [OK] ai-weather/node_modules/date-fns/intlFormat.d.ts
[deepseekcoder] [OK] ai-weather/node_modules/date-fns/closestTo.js
[deepseekcoder] [OK] ai-weather/node_modules/date-fns/getDay.d.ts
[deepseekcoder] [OK] ai-weather/node_modules/date-fns/getWeekYear.d.ts
[deepseekcoder] [OK] ai-weather/node_modules/date-fns/startOfTomorrow.d.ts
[deepseekcoder] [OK] ai-weather/node_modules/date-fns/setQuarter.js
[deepseekcoder] [OK] ai-weather/node_modules/date-fns/isThisMinute.d.ts
[deepseekcoder] [OK] ai-weather/node_modules/date-fns/formatISODuration.js
[deepseekcoder] [OK] ai-weather/node_modules/date-fns/formatDistance.js
[deepseekcoder] [OK] ai-weather/node_modules/date-fns/fromUnixTime.js
[deepseekcoder] [OK] ai-weather/node_modules/date-fns/index.js
[deepseekcoder] [OK] ai-weather/node_modules/date-fns/setISODay.js
[deepseekcoder] [OK] ai-weather/node_modules/date-fns/startOfSecond.js
[deepseekcoder] [OK] ai-weather/node_modules/date-fns/isThisYear.js
[deepseekcoder] [OK] ai-weather/node_modules/date-fns/getQuarter.js
[deepseekcoder] [OK] ai-weather/node_modules/date-fns/startOfWeekYear.d.ts
[deepseekcoder] [OK] ai-weather/node_modules/date-fns/isThisWeek.js
[deepseekcoder] [OK] ai-weather/node_modules/date-fns/sub.d.ts
[deepseekcoder] [OK] ai-weather/node_modules/date-fns/getHours.d.ts
[deepseekcoder] [OK] ai-weather/node_modules/date-fns/subMilliseconds.js
[deepseekcoder] [OK] ai-weather/node_modules/date-fns/addWeeks.js
[deepseekcoder] [OK] ai-weather/node_modules/date-fns/differenceInCalendarISOWeekYears.d.ts
[deepseekcoder] [OK] ai-weather/node_modules/date-fns/nextTuesday.js
[deepseekcoder] [OK] ai-weather/node_modules/date-fns/endOfDay.js
[deepseekcoder] [OK] ai-weather/node_modules/date-fns/millisecondsToMinutes.js
[deepseekcoder] [OK] ai-weather/node_modules/date-fns/clamp.js
[deepseekcoder] [OK] ai-weather/node_modules/date-fns/intervalToDuration.d.ts
[deepseekcoder] [OK] ai-weather/node_modules/date-fns/differenceInQuarters.d.ts
[deepseekcoder] [OK] ai-weather/node_modules/date-fns/eachWeekendOfYear.js
[deepseekcoder] [OK] ai-weather/node_modules/date-fns/getDaysInYear.js
[deepseekcoder] [OK] ai-weather/node_modules/date-fns/intlFormatDistance.js
[deepseekcoder] [OK] ai-weather/node_modules/date-fns/getDecade.js
[deepseekcoder] [OK] ai-weather/node_modules/date-fns/isSunday.js
[deepseekcoder] [OK] ai-weather/node_modules/date-fns/nextSaturday.d.ts
[deepseekcoder] [OK] ai-weather/node_modules/date-fns/isSameDay.js
[deepseekcoder] [OK] ai-weather/node_modules/date-fns/isTuesday.js
[deepseekcoder] [OK] ai-weather/node_modules/date-fns/eachWeekendOfInterval.js
[deepseekcoder] [OK] ai-weather/node_modules/date-fns/startOfToday.d.ts
[deepseekcoder] [OK] ai-weather/node_modules/date-fns/minutesToMilliseconds.js
[deepseekcoder] [OK] ai-weather/node_modules/date-fns/compareDesc.js
[deepseekcoder] [OK] ai-weather/node_modules/date-fns/LICENSE.md
[deepseekcoder] [OK] ai-weather/node_modules/date-fns/endOfMinute.d.ts
[deepseekcoder] [OK] ai-weather/node_modules/date-fns/getWeek.js
[deepseekcoder] [OK] ai-weather/node_modules/date-fns/endOfDay.d.ts
[deepseekcoder] [OK] ai-weather/node_modules/date-fns/differenceInCalendarMonths.d.ts
[deepseekcoder] [OK] ai-weather/node_modules/date-fns/hoursToMilliseconds.js
[deepseekcoder] [OK] ai-weather/node_modules/date-fns/subDays.js
[deepseekcoder] [OK] ai-weather/node_modules/date-fns/getMinutes.d.ts
[deepseekcoder] [OK] ai-weather/node_modules/date-fns/nextSunday.d.ts
[deepseekcoder] [OK] ai-weather/node_modules/date-fns/nextWednesday.d.ts
[deepseekcoder] [OK] ai-weather/node_modules/date-fns/constructFrom.d.ts
[deepseekcoder] [OK] ai-weather/node_modules/date-fns/subBusinessDays.d.ts
[deepseekcoder] [OK] ai-weather/node_modules/date-fns/locale.js
[deepseekcoder] [OK] ai-weather/node_modules/date-fns/previousFriday.d.ts
[deepseekcoder] [OK] ai-weather/node_modules/date-fns/nextMonday.d.ts
[deepseekcoder] [OK] ai-weather/node_modules/date-fns/yearsToMonths.d.ts
[deepseekcoder] [OK] ai-weather/node_modules/date-fns/lastDayOfYear.js
[deepseekcoder] [OK] ai-weather/node_modules/date-fns/types.js
[deepseekcoder] [OK] ai-weather/node_modules/date-fns/eachHourOfInterval.js
[deepseekcoder] [OK] ai-weather/node_modules/date-fns/getISODay.d.ts
[deepseekcoder] [OK] ai-weather/node_modules/date-fns/addWeeks.d.ts
[deepseekcoder] [OK] ai-weather/node_modules/date-fns/compareDesc.d.ts
[deepseekcoder] [OK] ai-weather/node_modules/date-fns/subSeconds.d.ts
[deepseekcoder] [OK] ai-weather/node_modules/date-fns/setDefaultOptions.js
[deepseekcoder] [OK] ai-weather/node_modules/date-fns/differenceInCalendarQuarters.d.ts
[deepseekcoder] [OK] ai-weather/node_modules/date-fns/setISOWeekYear.d.ts
[deepseekcoder] [OK] ai-weather/node_modules/date-fns/subQuarters.js
[deepseekcoder] [OK] ai-weather/node_modules/date-fns/addHours.js
[deepseekcoder] [OK] ai-weather/node_modules/date-fns/setWeek.js
[deepseekcoder] [OK] ai-weather/node_modules/date-fns/hoursToSeconds.js
[deepseekcoder] [OK] ai-weather/node_modules/date-fns/differenceInISOWeekYears.d.ts
[deepseekcoder] [OK] ai-weather/node_modules/date-fns/parseISO.d.ts
[deepseekcoder] [OK] ai-weather/node_modules/date-fns/quartersToMonths.d.ts
[deepseekcoder] [OK] ai-weather/node_modules/date-fns/lastDayOfWeek.d.ts
[deepseekcoder] [OK] ai-weather/node_modules/date-fns/setWeekYear.js
[deepseekcoder] [OK] ai-weather/node_modules/date-fns/getDate.js
[deepseekcoder] [OK] ai-weather/node_modules/date-fns/isSameWeek.d.ts
[deepseekcoder] [OK] ai-weather/node_modules/date-fns/hoursToSeconds.d.ts
[deepseekcoder] [OK] ai-weather/node_modules/date-fns/previousMonday.d.ts
[deepseekcoder] [OK] ai-weather/node_modules/date-fns/formatRFC3339.d.ts
[deepseekcoder] [OK] ai-weather/node_modules/date-fns/setMilliseconds.d.ts
[deepseekcoder] [OK] ai-weather/node_modules/date-fns/set.js
[deepseekcoder] [OK] ai-weather/node_modules/date-fns/subMonths.js
[deepseekcoder] [OK] ai-weather/node_modules/date-fns/getWeekOfMonth.d.ts
[deepseekcoder] [OK] ai-weather/node_modules/date-fns/isSaturday.js
[deepseekcoder] [OK] ai-weather/node_modules/date-fns/startOfYesterday.d.ts
[deepseekcoder] [OK] ai-weather/node_modules/date-fns/previousMonday.js
[deepseekcoder] [OK] ai-weather/node_modules/date-fns/secondsToMinutes.d.ts
[deepseekcoder] [OK] ai-weather/node_modules/date-fns/format.d.ts
[deepseekcoder] [OK] ai-weather/node_modules/date-fns/formatDuration.js
[deepseekcoder] [OK] ai-weather/node_modules/date-fns/eachWeekendOfYear.d.ts
[deepseekcoder] [OK] ai-weather/node_modules/date-fns/addDays.d.ts
[deepseekcoder] [OK] ai-weather/node_modules/date-fns/roundToNearestMinutes.d.ts
[deepseekcoder] [OK] ai-weather/node_modules/date-fns/interval.js
[deepseekcoder] [OK] ai-weather/node_modules/date-fns/differenceInMilliseconds.d.ts
[deepseekcoder] [OK] ai-weather/node_modules/date-fns/eachMonthOfInterval.js
[deepseekcoder] [OK] ai-weather/node_modules/date-fns/subWeeks.d.ts
[deepseekcoder] [OK] ai-weather/node_modules/date-fns/lightFormat.d.ts
[deepseekcoder] [OK] ai-weather/node_modules/date-fns/setMonth.js
[deepseekcoder] [OK] ai-weather/node_modules/date-fns/locale.d.ts
[deepseekcoder] [OK] ai-weather/node_modules/date-fns/addQuarters.js
[deepseekcoder] [OK] ai-weather/node_modules/date-fns/isSameMonth.d.ts
[deepseekcoder] [OK] ai-weather/node_modules/date-fns/formatISO.d.ts
[deepseekcoder] [OK] ai-weather/node_modules/date-fns/intervalToDuration.js
[deepseekcoder] [OK] ai-weather/node_modules/date-fns/endOfYesterday.d.ts
[deepseekcoder] [OK] ai-weather/node_modules/date-fns/isLastDayOfMonth.d.ts
[deepseekcoder] [OK] ai-weather/node_modules/date-fns/differenceInYears.js
[deepseekcoder] [OK] ai-weather/node_modules/date-fns/min.d.ts
[deepseekcoder] [OK] ai-weather/node_modules/date-fns/isEqual.d.ts
[deepseekcoder] [OK] ai-weather/node_modules/date-fns/isMatch.d.ts
[deepseekcoder] [OK] ai-weather/node_modules/date-fns/quartersToYears.js
[deepseekcoder] [OK] ai-weather/node_modules/date-fns/isSameISOWeekYear.js
[deepseekcoder] [OK] ai-weather/node_modules/date-fns/startOfMinute.js
[deepseekcoder] [OK] ai-weather/node_modules/date-fns/formatDuration.d.ts
[deepseekcoder] [OK] ai-weather/node_modules/date-fns/lastDayOfYear.d.ts
[deepseekcoder] [OK] ai-weather/node_modules/date-fns/nextFriday.js
[deepseekcoder] [OK] ai-weather/node_modules/date-fns/isFriday.d.ts
[deepseekcoder] [OK] ai-weather/node_modules/date-fns/addISOWeekYears.d.ts
[deepseekcoder] [OK] ai-weather/node_modules/date-fns/formatDistanceStrict.d.ts
[deepseekcoder] [OK] ai-weather/node_modules/date-fns/isLeapYear.d.ts
[deepseekcoder] [OK] ai-weather/node_modules/date-fns/isSameQuarter.js
[deepseekcoder] [OK] ai-weather/node_modules/date-fns/differenceInQuarters.js
[deepseekcoder] [OK] ai-weather/node_modules/date-fns/startOfSecond.d.ts
[deepseekcoder] [OK] ai-weather/node_modules/date-fns/endOfQuarter.js
[deepseekcoder] [OK] ai-weather/node_modules/date-fns/isThursday.d.ts
[deepseekcoder] [OK] ai-weather/node_modules/date-fns/previousSaturday.d.ts
[deepseekcoder] [OK] ai-weather/node_modules/date-fns/isSameSecond.d.ts
[deepseekcoder] [OK] ai-weather/node_modules/date-fns/lastDayOfWeek.js
[deepseekcoder] [OK] ai-weather/node_modules/date-fns/isValid.d.ts
[deepseekcoder] [OK] ai-weather/node_modules/date-fns/endOfTomorrow.d.ts
[deepseekcoder] [OK] ai-weather/node_modules/date-fns/eachHourOfInterval.d.ts
[deepseekcoder] [OK] ai-weather/node_modules/date-fns/startOfWeekYear.js
[deepseekcoder] [OK] ai-weather/node_modules/date-fns/sub.js
[deepseekcoder] [OK] ai-weather/node_modules/date-fns/getISOWeekYear.js
[deepseekcoder] [OK] ai-weather/node_modules/date-fns/isLeapYear.js
[deepseekcoder] [OK] ai-weather/node_modules/date-fns/monthsToQuarters.js
[deepseekcoder] [OK] ai-weather/node_modules/date-fns/setDayOfYear.js
[deepseekcoder] [OK] ai-weather/node_modules/date-fns/getDefaultOptions.d.ts
[deepseekcoder] [OK] ai-weather/node_modules/date-fns/differenceInYears.d.ts
[deepseekcoder] [OK] ai-weather/node_modules/date-fns/quartersToMonths.js
[deepseekcoder] [OK] ai-weather/node_modules/date-fns/subHours.js
[deepseekcoder] [OK] ai-weather/node_modules/date-fns/secondsToHours.d.ts
[deepseekcoder] [OK] ai-weather/node_modules/date-fns/getMilliseconds.d.ts
[deepseekcoder] [OK] ai-weather/node_modules/date-fns/millisecondsToMinutes.d.ts
[deepseekcoder] [OK] ai-weather/node_modules/date-fns/isFirstDayOfMonth.js
[deepseekcoder] [OK] ai-weather/node_modules/date-fns/eachWeekendOfMonth.js
[deepseekcoder] [OK] ai-weather/node_modules/date-fns/secondsToMinutes.js
[deepseekcoder] [OK] ai-weather/node_modules/date-fns/isSameWeek.js
[deepseekcoder] [OK] ai-weather/node_modules/date-fns/nextSunday.js
[deepseekcoder] [OK] ai-weather/node_modules/date-fns/isSameSecond.js
[deepseekcoder] [OK] ai-weather/node_modules/date-fns/differenceInCalendarISOWeeks.d.ts
[deepseekcoder] [OK] ai-weather/node_modules/date-fns/setDayOfYear.d.ts
[deepseekcoder] [OK] ai-weather/node_modules/date-fns/subHours.d.ts
[deepseekcoder] [OK] ai-weather/node_modules/date-fns/endOfTomorrow.js
[deepseekcoder] [OK] ai-weather/node_modules/date-fns/isYesterday.js
[deepseekcoder] [OK] ai-weather/node_modules/date-fns/differenceInWeeks.js
[deepseekcoder] [OK] ai-weather/node_modules/date-fns/startOfISOWeek.js
[deepseekcoder] [OK] ai-weather/node_modules/date-fns/isDate.d.ts
[deepseekcoder] [OK] ai-weather/node_modules/date-fns/isThisHour.d.ts
[deepseekcoder] [OK] ai-weather/node_modules/date-fns/quartersToYears.d.ts
[deepseekcoder] [OK] ai-weather/node_modules/date-fns/startOfYear.js
[deepseekcoder] [OK] ai-weather/node_modules/date-fns/monthsToQuarters.d.ts
[deepseekcoder] [OK] ai-weather/node_modules/date-fns/hoursToMinutes.d.ts
[deepseekcoder] [OK] ai-weather/node_modules/date-fns/lastDayOfISOWeek.js
[deepseekcoder] [OK] ai-weather/node_modules/date-fns/closestIndexTo.d.ts
[deepseekcoder] [OK] ai-weather/node_modules/date-fns/fromUnixTime.d.ts
[deepseekcoder] [OK] ai-weather/node_modules/date-fns/isTomorrow.d.ts
[deepseekcoder] [OK] ai-weather/node_modules/date-fns/setYear.d.ts
[deepseekcoder] [OK] ai-weather/node_modules/date-fns/eachMinuteOfInterval.js
[deepseekcoder] [OK] ai-weather/node_modules/date-fns/isAfter.d.ts
[deepseekcoder] [OK] ai-weather/node_modules/date-fns/isMonday.d.ts
[deepseekcoder] [OK] ai-weather/node_modules/date-fns/isSameYear.d.ts
[deepseekcoder] [OK] ai-weather/node_modules/date-fns/previousTuesday.js
[deepseekcoder] [OK] ai-weather/node_modules/date-fns/startOfMonth.d.ts
[deepseekcoder] [OK] ai-weather/node_modules/date-fns/format.js
[deepseekcoder] [OK] ai-weather/node_modules/date-fns/eachMonthOfInterval.d.ts
[deepseekcoder] [OK] ai-weather/node_modules/date-fns/fp.d.ts
[deepseekcoder] [OK] ai-weather/node_modules/date-fns/previousDay.js
[deepseekcoder] [OK] ai-weather/node_modules/date-fns/differenceInMinutes.js
[deepseekcoder] [OK] ai-weather/node_modules/date-fns/previousFriday.js
[deepseekcoder] [OK] ai-weather/node_modules/date-fns/minutesToMilliseconds.d.ts
[deepseekcoder] [OK] ai-weather/node_modules/date-fns/getOverlappingDaysInIntervals.d.ts
[deepseekcoder] [OK] ai-weather/node_modules/date-fns/startOfMinute.d.ts
[deepseekcoder] [OK] ai-weather/node_modules/date-fns/yearsToQuarters.d.ts
[deepseekcoder] [OK] ai-weather/node_modules/date-fns/getDaysInYear.d.ts
[deepseekcoder] [OK] ai-weather/node_modules/date-fns/differenceInWeeks.d.ts
[deepseekcoder] [OK] ai-weather/node_modules/date-fns/isWithinInterval.d.ts
[deepseekcoder] [OK] ai-weather/node_modules/date-fns/setWeek.d.ts
[deepseekcoder] [OK] ai-weather/node_modules/date-fns/millisecondsToSeconds.js
[deepseekcoder] [OK] ai-weather/node_modules/date-fns/setDate.d.ts
[deepseekcoder] [OK] ai-weather/node_modules/date-fns/getWeekOfMonth.js
[deepseekcoder] [OK] ai-weather/node_modules/date-fns/eachMinuteOfInterval.d.ts
[deepseekcoder] [OK] ai-weather/node_modules/date-fns/addSeconds.js
[deepseekcoder] [OK] ai-weather/node_modules/date-fns/lastDayOfISOWeek.d.ts
[deepseekcoder] [OK] ai-weather/node_modules/date-fns/previousWednesday.js
[deepseekcoder] [OK] ai-weather/node_modules/date-fns/minutesToSeconds.d.ts
[deepseekcoder] [OK] ai-weather/node_modules/date-fns/startOfISOWeek.d.ts
[deepseekcoder] [OK] ai-weather/node_modules/date-fns/isFuture.d.ts
[deepseekcoder] [OK] ai-weather/node_modules/date-fns/formatRelative.d.ts
[deepseekcoder] [OK] ai-weather/node_modules/date-fns/isThisMonth.d.ts
[deepseekcoder] [OK] ai-weather/node_modules/date-fns/isThisMonth.js
[deepseekcoder] [OK] ai-weather/node_modules/date-fns/toDate.js
[deepseekcoder] [OK] ai-weather/node_modules/date-fns/getOverlappingDaysInIntervals.js
[deepseekcoder] [OK] ai-weather/node_modules/date-fns/subYears.d.ts
[deepseekcoder] [OK] ai-weather/node_modules/date-fns/parseJSON.js
[deepseekcoder] [OK] ai-weather/node_modules/date-fns/startOfYear.d.ts
[deepseekcoder] [OK] ai-weather/node_modules/date-fns/eachWeekOfInterval.js
[deepseekcoder] [OK] ai-weather/node_modules/date-fns/lastDayOfQuarter.js
[deepseekcoder] [OK] ai-weather/node_modules/date-fns/eachQuarterOfInterval.d.ts
[deepseekcoder] [OK] ai-weather/node_modules/date-fns/startOfMonth.js
[deepseekcoder] [OK] ai-weather/node_modules/date-fns/parseJSON.d.ts
[deepseekcoder] [OK] ai-weather/node_modules/date-fns/setMonth.d.ts
[deepseekcoder] [OK] ai-weather/node_modules/date-fns/endOfYear.d.ts
[deepseekcoder] [OK] ai-weather/node_modules/date-fns/endOfYear.js
[deepseekcoder] [OK] ai-weather/node_modules/date-fns/differenceInDays.js
[deepseekcoder] [OK] ai-weather/node_modules/date-fns/differenceInBusinessDays.js
[deepseekcoder] [OK] ai-weather/node_modules/date-fns/addISOWeekYears.js
[deepseekcoder] [OK] ai-weather/node_modules/date-fns/isThisSecond.d.ts
[deepseekcoder] [OK] ai-weather/node_modules/date-fns/compareAsc.js
[deepseekcoder] [OK] ai-weather/node_modules/date-fns/isPast.d.ts
[deepseekcoder] [OK] ai-weather/node_modules/date-fns/differenceInCalendarQuarters.js
[deepseekcoder] [OK] ai-weather/node_modules/date-fns/setHours.d.ts
[deepseekcoder] [OK] ai-weather/node_modules/date-fns/getISOWeekYear.d.ts
[deepseekcoder] [OK] ai-weather/node_modules/date-fns/set.d.ts
[deepseekcoder] [OK] ai-weather/node_modules/date-fns/isThisQuarter.js
[deepseekcoder] [OK] ai-weather/node_modules/date-fns/previousSaturday.js
[deepseekcoder] [OK] ai-weather/node_modules/date-fns/eachYearOfInterval.d.ts
[deepseekcoder] [OK] ai-weather/node_modules/date-fns/formatISO.js
[deepseekcoder] [OK] ai-weather/node_modules/date-fns/startOfQuarter.d.ts
[deepseekcoder] [OK] ai-weather/node_modules/date-fns/weeksToDays.js
[deepseekcoder] [OK] ai-weather/node_modules/date-fns/SECURITY.md
[deepseekcoder] [OK] ai-weather/node_modules/date-fns/formatDistance.d.ts
[deepseekcoder] [OK] ai-weather/node_modules/date-fns/getWeeksInMonth.d.ts
[deepseekcoder] [OK] ai-weather/node_modules/date-fns/addSeconds.d.ts
[deepseekcoder] [OK] ai-weather/node_modules/date-fns/getISODay.js
[deepseekcoder] [OK] ai-weather/node_modules/date-fns/subWeeks.js
[deepseekcoder] [OK] ai-weather/node_modules/date-fns/isThursday.js
[deepseekcoder] [OK] ai-weather/node_modules/date-fns/isSameHour.d.ts
[deepseekcoder] [OK] ai-weather/node_modules/date-fns/formatDistanceStrict.js
[deepseekcoder] [OK] ai-weather/node_modules/date-fns/addDays.js
[deepseekcoder] [OK] ai-weather/node_modules/date-fns/formatDistanceToNowStrict.js
[deepseekcoder] [OK] ai-weather/node_modules/date-fns/differenceInSeconds.js
[deepseekcoder] [OK] ai-weather/node_modules/date-fns/parse.d.ts
[deepseekcoder] [OK] ai-weather/node_modules/date-fns/millisecondsToSeconds.d.ts
[deepseekcoder] [OK] ai-weather/node_modules/date-fns/endOfWeek.js
[deepseekcoder] [OK] ai-weather/node_modules/date-fns/milliseconds.d.ts
[deepseekcoder] [OK] ai-weather/node_modules/date-fns/setMinutes.d.ts
[deepseekcoder] [OK] ai-weather/node_modules/date-fns/setDay.d.ts
[deepseekcoder] [OK] ai-weather/node_modules/date-fns/getISOWeeksInYear.d.ts
[deepseekcoder] [OK] ai-weather/node_modules/date-fns/differenceInMinutes.d.ts
[deepseekcoder] [OK] ai-weather/node_modules/date-fns/differenceInCalendarYears.d.ts
[deepseekcoder] [OK] ai-weather/node_modules/date-fns/monthsToYears.js
[deepseekcoder] [OK] ai-weather/node_modules/date-fns/addMinutes.js
[deepseekcoder] [OK] ai-weather/node_modules/date-fns/yearsToDays.d.ts
[deepseekcoder] [OK] ai-weather/node_modules/date-fns/README.md
[deepseekcoder] [OK] ai-weather/node_modules/date-fns/previousSunday.d.ts
[deepseekcoder] [OK] ai-weather/node_modules/date-fns/subMonths.d.ts
[deepseekcoder] [OK] ai-weather/node_modules/date-fns/isSameISOWeek.js
[deepseekcoder] [OK] ai-weather/node_modules/date-fns/startOfYesterday.js
[deepseekcoder] [OK] ai-weather/node_modules/date-fns/isDate.js
[deepseekcoder] [OK] ai-weather/node_modules/date-fns/yearsToMonths.js
[deepseekcoder] [OK] ai-weather/node_modules/date-fns/subMinutes.js
[deepseekcoder] [OK] ai-weather/node_modules/date-fns/eachQuarterOfInterval.js
[deepseekcoder] [OK] ai-weather/node_modules/date-fns/index.d.ts
[deepseekcoder] [OK] ai-weather/node_modules/date-fns/differenceInCalendarMonths.js
[deepseekcoder] [OK] ai-weather/node_modules/date-fns/getISOWeek.d.ts
[deepseekcoder] [OK] ai-weather/node_modules/date-fns/startOfHour.d.ts
[deepseekcoder] [OK] ai-weather/node_modules/date-fns/nextThursday.d.ts
[deepseekcoder] [OK] ai-weather/node_modules/date-fns/constants.d.ts
[deepseekcoder] [OK] ai-weather/node_modules/date-fns/types.d.ts
[deepseekcoder] [OK] ai-weather/node_modules/date-fns/isSameMonth.js
[deepseekcoder] [OK] ai-weather/node_modules/date-fns/endOfISOWeekYear.d.ts
[deepseekcoder] [OK] ai-weather/node_modules/date-fns/subBusinessDays.js
[deepseekcoder] [OK] ai-weather/node_modules/date-fns/isWeekend.d.ts
[deepseekcoder] [OK] ai-weather/node_modules/date-fns/constants.js
[deepseekcoder] [OK] ai-weather/node_modules/date-fns/getDayOfYear.d.ts
[deepseekcoder] [OK] ai-weather/node_modules/date-fns/setISODay.d.ts
[deepseekcoder] [OK] ai-weather/node_modules/date-fns/closestIndexTo.js
[deepseekcoder] [OK] ai-weather/node_modules/date-fns/lastDayOfMonth.d.ts
[deepseekcoder] [OK] ai-weather/node_modules/date-fns/compareAsc.d.ts
[deepseekcoder] [OK] ai-weather/node_modules/date-fns/parseISO.js
[deepseekcoder] [OK] ai-weather/node_modules/date-fns/getYear.d.ts
[deepseekcoder] [OK] ai-weather/node_modules/date-fns/addMilliseconds.d.ts
[deepseekcoder] [OK] ai-weather/node_modules/date-fns/setDay.js
[deepseekcoder] [OK] ai-weather/node_modules/date-fns/setQuarter.d.ts
[deepseekcoder] [OK] ai-weather/node_modules/date-fns/hoursToMinutes.js
[deepseekcoder] [OK] ai-weather/node_modules/date-fns/differenceInCalendarISOWeeks.js
[deepseekcoder] [OK] ai-weather/node_modules/date-fns/addMonths.d.ts
[deepseekcoder] [OK] ai-weather/node_modules/date-fns/formatRFC7231.js
[deepseekcoder] [OK] ai-weather/node_modules/date-fns/isToday.js
[deepseekcoder] [OK] ai-weather/node_modules/date-fns/clamp.d.ts
[deepseekcoder] [OK] ai-weather/node_modules/date-fns/isWednesday.js
[deepseekcoder] [OK] ai-weather/node_modules/date-fns/setMilliseconds.js
[deepseekcoder] [OK] ai-weather/node_modules/date-fns/nextTuesday.d.ts
[deepseekcoder] [OK] ai-weather/node_modules/date-fns/fp.js
[deepseekcoder] [OK] ai-weather/node_modules/date-fns/previousThursday.js
[deepseekcoder] [OK] ai-weather/node_modules/date-fns/formatISO9075.d.ts
[deepseekcoder] [OK] ai-weather/node_modules/date-fns/isSameMinute.js
[deepseekcoder] [OK] ai-weather/node_modules/date-fns/CHANGELOG.md
[deepseekcoder] [OK] ai-weather/node_modules/date-fns/differenceInCalendarWeeks.d.ts
[deepseekcoder] [OK] ai-weather/node_modules/date-fns/getYear.js
[deepseekcoder] [OK] ai-weather/node_modules/date-fns/millisecondsToHours.d.ts
[deepseekcoder] [OK] ai-weather/node_modules/date-fns/startOfDecade.d.ts
[deepseekcoder] [OK] ai-weather/node_modules/date-fns/isSameISOWeek.d.ts
[deepseekcoder] [OK] ai-weather/node_modules/date-fns/eachYearOfInterval.js
[deepseekcoder] [OK] ai-weather/node_modules/date-fns/formatRFC7231.d.ts
[deepseekcoder] [OK] ai-weather/node_modules/date-fns/isThisISOWeek.js
[deepseekcoder] [OK] ai-weather/node_modules/date-fns/isFuture.js
[deepseekcoder] [OK] ai-weather/node_modules/date-fns/endOfMonth.js
[deepseekcoder] [OK] ai-weather/node_modules/date-fns/differenceInCalendarISOWeekYears.js
[deepseekcoder] [OK] ai-weather/node_modules/date-fns/eachWeekOfInterval.d.ts
[deepseekcoder] [OK] ai-weather/node_modules/date-fns/nextWednesday.js
[deepseekcoder] [OK] ai-weather/node_modules/date-fns/secondsToMilliseconds.js
[deepseekcoder] [OK] ai-weather/node_modules/date-fns/startOfWeek.js
[deepseekcoder] [OK] ai-weather/node_modules/date-fns/getSeconds.js
[deepseekcoder] [OK] ai-weather/node_modules/date-fns/endOfYesterday.js
[deepseekcoder] [OK] ai-weather/node_modules/date-fns/max.js
[deepseekcoder] [OK] ai-weather/node_modules/date-fns/addYears.d.ts
[deepseekcoder] [OK] ai-weather/node_modules/date-fns/lightFormat.js
[deepseekcoder] [OK] ai-weather/node_modules/date-fns/transpose.d.ts
[deepseekcoder] [OK] ai-weather/node_modules/date-fns/setWeekYear.d.ts
[deepseekcoder] [OK] ai-weather/node_modules/date-fns/getWeeksInMonth.js
[deepseekcoder] [OK] ai-weather/node_modules/date-fns/subDays.d.ts
[deepseekcoder] [OK] ai-weather/node_modules/date-fns/startOfWeek.d.ts
[deepseekcoder] [OK] ai-weather/node_modules/date-fns/startOfDay.js
[deepseekcoder] [OK] ai-weather/node_modules/date-fns/isEqual.js
[deepseekcoder] [OK] ai-weather/node_modules/date-fns/isSameHour.js
[deepseekcoder] [OK] ai-weather/node_modules/date-fns/isSaturday.d.ts
[deepseekcoder] [OK] ai-weather/node_modules/date-fns/lastDayOfISOWeekYear.js
[deepseekcoder] [OK] ai-weather/node_modules/date-fns/endOfHour.js
[deepseekcoder] [OK] ai-weather/node_modules/date-fns/intlFormat.js
[deepseekcoder] [OK] ai-weather/node_modules/date-fns/millisecondsToHours.js
[deepseekcoder] [OK] ai-weather/node_modules/date-fns/minutesToHours.js
[deepseekcoder] [OK] ai-weather/node_modules/date-fns/addBusinessDays.d.ts
[deepseekcoder] [OK] ai-weather/node_modules/date-fns/intlFormatDistance.d.ts
[deepseekcoder] [OK] ai-weather/node_modules/date-fns/yearsToQuarters.js
[deepseekcoder] [OK] ai-weather/node_modules/date-fns/endOfISOWeek.js
[deepseekcoder] [OK] ai-weather/node_modules/date-fns/differenceInCalendarYears.js
[deepseekcoder] [OK] ai-weather/node_modules/date-fns/differenceInISOWeekYears.js
[deepseekcoder] [OK] ai-weather/node_modules/date-fns/previousThursday.d.ts
[deepseekcoder] [OK] ai-weather/node_modules/date-fns/endOfQuarter.d.ts
[deepseekcoder] [OK] ai-weather/node_modules/date-fns/isExists.d.ts
[deepseekcoder] [OK] ai-weather/node_modules/date-fns/getTime.js
[deepseekcoder] [OK] ai-weather/node_modules/date-fns/isSameDay.d.ts
[deepseekcoder] [OK] ai-weather/node_modules/date-fns/areIntervalsOverlapping.js
[deepseekcoder] [OK] ai-weather/node_modules/date-fns/milliseconds.js
[deepseekcoder] [OK] ai-weather/node_modules/date-fns/isToday.d.ts
[deepseekcoder] [OK] ai-weather/node_modules/date-fns/isTomorrow.js
[deepseekcoder] [OK] ai-weather/node_modules/date-fns/endOfHour.d.ts
[deepseekcoder] [OK] ai-weather/node_modules/date-fns/getSeconds.d.ts
[deepseekcoder] [OK] ai-weather/node_modules/date-fns/lastDayOfISOWeekYear.d.ts
[deepseekcoder] [OK] ai-weather/node_modules/date-fns/lastDayOfQuarter.d.ts
[deepseekcoder] [OK] ai-weather/node_modules/date-fns/package.json
[deepseekcoder] [OK] ai-weather/node_modules/date-fns/isBefore.d.ts
[deepseekcoder] [OK] ai-weather/node_modules/date-fns/addMinutes.d.ts
[deepseekcoder] [OK] ai-weather/node_modules/date-fns/endOfWeek.d.ts
[deepseekcoder] [OK] ai-weather/node_modules/date-fns/isSameYear.js
[deepseekcoder] [OK] ai-weather/node_modules/date-fns/monthsToYears.d.ts
[deepseekcoder] [OK] ai-weather/node_modules/date-fns/setMinutes.js
[deepseekcoder] [OK] ai-weather/node_modules/date-fns/setISOWeekYear.js
[deepseekcoder] [OK] ai-weather/node_modules/date-fns/formatDistanceToNowStrict.d.ts
[deepseekcoder] [OK] ai-weather/node_modules/date-fns/getDaysInMonth.js
[deepseekcoder] [OK] ai-weather/node_modules/date-fns/startOfDecade.js
[deepseekcoder] [OK] ai-weather/node_modules/date-fns/setDate.js
[deepseekcoder] [OK] ai-weather/node_modules/date-fns/subYears.js
[deepseekcoder] [OK] ai-weather/node_modules/date-fns/secondsToMilliseconds.d.ts
[deepseekcoder] [OK] ai-weather/node_modules/date-fns/nextFriday.d.ts
[deepseekcoder] [OK] ai-weather/node_modules/date-fns/getMilliseconds.js
[deepseekcoder] [OK] ai-weather/node_modules/date-fns/endOfISOWeek.d.ts
[deepseekcoder] [OK] ai-weather/node_modules/date-fns/eachWeekendOfInterval.d.ts
[deepseekcoder] [OK] ai-weather/node_modules/date-fns/getMinutes.js
[deepseekcoder] [OK] ai-weather/node_modules/date-fns/getDecade.d.ts
[deepseekcoder] [OK] ai-weather/node_modules/date-fns/min.js
[deepseekcoder] [OK] ai-weather/node_modules/date-fns/isThisYear.d.ts
[deepseekcoder] [OK] ai-weather/node_modules/date-fns/subISOWeekYears.d.ts
[deepseekcoder] [OK] ai-weather/node_modules/date-fns/endOfToday.js
[deepseekcoder] [OK] ai-weather/node_modules/date-fns/getISOWeek.js
[deepseekcoder] [OK] ai-weather/node_modules/date-fns/subQuarters.d.ts
[deepseekcoder] [OK] ai-weather/node_modules/date-fns/hoursToMilliseconds.d.ts
[deepseekcoder] [OK] ai-weather/node_modules/date-fns/max.d.ts
[deepseekcoder] [OK] ai-weather/node_modules/date-fns/isWeekend.js
[deepseekcoder] [OK] ai-weather/node_modules/date-fns/setSeconds.js
[deepseekcoder] [OK] ai-weather/node_modules/date-fns/previousTuesday.d.ts
[deepseekcoder] [OK] ai-weather/node_modules/date-fns/getMonth.js
[deepseekcoder] [OK] ai-weather/node_modules/date-fns/isExists.js
[deepseekcoder] [OK] ai-weather/node_modules/date-fns/getDay.js
[deepseekcoder] [OK] ai-weather/node_modules/date-fns/endOfDecade.d.ts
[deepseekcoder] [OK] ai-weather/node_modules/date-fns/setISOWeek.d.ts
[deepseekcoder] [OK] ai-weather/node_modules/date-fns/startOfToday.js
[deepseekcoder] [OK] ai-weather/node_modules/date-fns/isAfter.js
[deepseekcoder] [OK] ai-weather/node_modules/date-fns/isBefore.js
[deepseekcoder] [OK] ai-weather/node_modules/date-fns/addMilliseconds.js
[deepseekcoder] [OK] ai-weather/node_modules/date-fns/eachDayOfInterval.js
[deepseekcoder] [OK] ai-weather/node_modules/date-fns/differenceInHours.js
[deepseekcoder] [OK] ai-weather/node_modules/date-fns/isMonday.js
[deepseekcoder] [OK] ai-weather/node_modules/date-fns/nextSaturday.js
[deepseekcoder] [OK] ai-weather/node_modules/date-fns/interval.d.ts
[deepseekcoder] [OK] ai-weather/node_modules/date-fns/isYesterday.d.ts
[deepseekcoder] [OK] ai-weather/node_modules/date-fns/previousWednesday.d.ts
[deepseekcoder] [OK] ai-weather/node_modules/date-fns/endOfMonth.d.ts
[deepseekcoder] [OK] ai-weather/node_modules/date-fns/startOfTomorrow.js
[deepseekcoder] [OK] ai-weather/node_modules/date-fns/isSameQuarter.d.ts
[deepseekcoder] [OK] ai-weather/node_modules/date-fns/addBusinessDays.js
[deepseekcoder] [OK] ai-weather/node_modules/date-fns/closestTo.d.ts
[deepseekcoder] [OK] ai-weather/node_modules/date-fns/endOfSecond.d.ts
[deepseekcoder] [OK] ai-weather/node_modules/date-fns/isThisHour.js
[deepseekcoder] [OK] ai-weather/node_modules/date-fns/add.d.ts
[deepseekcoder] [OK] ai-weather/node_modules/date-fns/addQuarters.d.ts
[deepseekcoder] [OK] ai-weather/node_modules/date-fns/subSeconds.js
[deepseekcoder] [OK] ai-weather/node_modules/date-fns/differenceInCalendarWeeks.js
[deepseekcoder] [OK] ai-weather/node_modules/date-fns/eachWeekendOfMonth.d.ts
[deepseekcoder] [OK] ai-weather/node_modules/date-fns/getDaysInMonth.d.ts
[deepseekcoder] [OK] ai-weather/node_modules/date-fns/isFirstDayOfMonth.d.ts
[deepseekcoder] [OK] ai-weather/node_modules/date-fns/subMinutes.d.ts
[deepseekcoder] [OK] ai-weather/node_modules/date-fns/subISOWeekYears.js
[deepseekcoder] [OK] ai-weather/node_modules/date-fns/minutesToSeconds.js
[deepseekcoder] [OK] ai-weather/node_modules/date-fns/transpose.js
[deepseekcoder] [OK] ai-weather/node_modules/date-fns/secondsToHours.js
[deepseekcoder] [OK] ai-weather/node_modules/date-fns/lastDayOfMonth.js
[deepseekcoder] [OK] ai-weather/node_modules/date-fns/isThisMinute.js
[deepseekcoder] [OK] ai-weather/node_modules/date-fns/endOfDecade.js
[deepseekcoder] [OK] ai-weather/node_modules/date-fns/differenceInMonths.d.ts
[deepseekcoder] [OK] ai-weather/node_modules/date-fns/formatRelative.js
[deepseekcoder] [OK] ai-weather/node_modules/date-fns/addHours.d.ts
[deepseekcoder] [OK] ai-weather/node_modules/date-fns/formatISO9075.js
[deepseekcoder] [OK] ai-weather/node_modules/date-fns/startOfHour.js
[deepseekcoder] [OK] ai-weather/node_modules/date-fns/setISOWeek.js
[deepseekcoder] [OK] ai-weather/node_modules/date-fns/startOfISOWeekYear.js
[deepseekcoder] [OK] ai-weather/node_modules/date-fns/differenceInMilliseconds.js
[deepseekcoder] [OK] ai-weather/node_modules/date-fns/differenceInBusinessDays.d.ts
[deepseekcoder] [OK] ai-weather/node_modules/date-fns/weeksToDays.d.ts
[deepseekcoder] [OK] ai-weather/node_modules/date-fns/setHours.js
[deepseekcoder] [OK] ai-weather/node_modules/date-fns/getDayOfYear.js
[deepseekcoder] [OK] ai-weather/node_modules/date-fns/getUnixTime.d.ts
[deepseekcoder] [OK] ai-weather/node_modules/date-fns/isFriday.js
[deepseekcoder] [OK] ai-weather/node_modules/date-fns/isMatch.js
[deepseekcoder] [OK] ai-weather/node_modules/date-fns/nextThursday.js
[deepseekcoder] [OK] ai-weather/node_modules/date-fns/differenceInCalendarDays.js
[deepseekcoder] [OK] ai-weather/node_modules/date-fns/addMonths.js
[deepseekcoder] [OK] ai-weather/node_modules/date-fns/formatISODuration.d.ts
[deepseekcoder] [OK] ai-weather/node_modules/date-fns/endOfISOWeekYear.js
[deepseekcoder] [OK] ai-weather/node_modules/date-fns/daysToWeeks.js
[deepseekcoder] [OK] ai-weather/node_modules/date-fns/differenceInHours.d.ts
[deepseekcoder] [OK] ai-weather/node_modules/date-fns/nextDay.js
[deepseekcoder] [OK] ai-weather/node_modules/date-fns/formatDistanceToNow.js
[deepseekcoder] [OK] ai-weather/node_modules/date-fns/lastDayOfDecade.js
[deepseekcoder] [OK] ai-weather/node_modules/date-fns/getISOWeeksInYear.js
[deepseekcoder] [OK] ai-weather/node_modules/date-fns/subMilliseconds.d.ts
[deepseekcoder] [OK] ai-weather/node_modules/date-fns/previousDay.d.ts
[deepseekcoder] [OK] ai-weather/node_modules/date-fns/parse.js
[deepseekcoder] [OK] ai-weather/node_modules/date-fns/isSameISOWeekYear.d.ts
[deepseekcoder] [OK] ai-weather/node_modules/date-fns/isTuesday.d.ts
[deepseekcoder] [OK] ai-weather/node_modules/date-fns/isValid.js
[deepseekcoder] [OK] ai-weather/node_modules/date-fns/differenceInMonths.js
[deepseekcoder] [OK] ai-weather/node_modules/date-fns/getUnixTime.js
[deepseekcoder] [OK] ai-weather/node_modules/date-fns/isWithinInterval.js
[deepseekcoder] [OK] ai-weather/node_modules/date-fns/startOfQuarter.js
[deepseekcoder] [OK] ai-weather/node_modules/date-fns/areIntervalsOverlapping.d.ts
[deepseekcoder] [OK] ai-weather/node_modules/date-fns/getDefaultOptions.js
[deepseekcoder] [OK] ai-weather/node_modules/date-fns/previousSunday.js
[deepseekcoder] [OK] ai-weather/node_modules/date-fns/constructFrom.js
[deepseekcoder] [OK] ai-weather/node_modules/date-fns/getHours.js
[deepseekcoder] [OK] ai-weather/node_modules/date-fns/isThisSecond.js
[deepseekcoder] [OK] ai-weather/node_modules/date-fns/isPast.js
[deepseekcoder] [OK] ai-weather/node_modules/date-fns/formatRFC3339.js
[deepseekcoder] [OK] ai-weather/node_modules/date-fns/getDate.d.ts
[deepseekcoder] [OK] ai-weather/node_modules/date-fns/isThisWeek.d.ts
[deepseekcoder] [OK] ai-weather/node_modules/date-fns/getMonth.d.ts
[deepseekcoder] [OK] ai-weather/node_modules/date-fns/setYear.js
[deepseekcoder] [OK] ai-weather/node_modules/date-fns/isSunday.d.ts
[deepseekcoder] [OK] ai-weather/node_modules/date-fns/roundToNearestMinutes.js
[deepseekcoder] [OK] ai-weather/node_modules/date-fns/setSeconds.d.ts
[deepseekcoder] [OK] ai-weather/node_modules/date-fns/nextDay.d.ts
[deepseekcoder] [OK] ai-weather/node_modules/date-fns/parse/_lib/types.js
[deepseekcoder] [OK] ai-weather/node_modules/date-fns/parse/_lib/utils.js
[deepseekcoder] [OK] ai-weather/node_modules/date-fns/parse/_lib/utils.d.ts
[deepseekcoder] [OK] ai-weather/node_modules/date-fns/parse/_lib/Parser.d.ts
[deepseekcoder] [OK] ai-weather/node_modules/date-fns/parse/_lib/constants.d.ts
[deepseekcoder] [OK] ai-weather/node_modules/date-fns/parse/_lib/types.d.ts
[deepseekcoder] [OK] ai-weather/node_modules/date-fns/parse/_lib/constants.js
[deepseekcoder] [OK] ai-weather/node_modules/date-fns/parse/_lib/Setter.d.ts
[deepseekcoder] [OK] ai-weather/node_modules/date-fns/parse/_lib/parsers.js
[deepseekcoder] [OK] ai-weather/node_modules/date-fns/parse/_lib/Parser.js
[deepseekcoder] [OK] ai-weather/node_modules/date-fns/parse/_lib/parsers.d.ts
[deepseekcoder] [OK] ai-weather/node_modules/date-fns/parse/_lib/Setter.js
[deepseekcoder] [OK] ai-weather/node_modules/date-fns/parse/_lib/parsers/ISODayParser.d.ts
[deepseekcoder] [OK] ai-weather/node_modules/date-fns/parse/_lib/parsers/DateParser.d.ts
[deepseekcoder] [OK] ai-weather/node_modules/date-fns/parse/_lib/parsers/ISOWeekParser.js
[deepseekcoder] [OK] ai-weather/node_modules/date-fns/parse/_lib/parsers/SecondParser.js
[deepseekcoder] [OK] ai-weather/node_modules/date-fns/parse/_lib/parsers/DayPeriodParser.d.ts
[deepseekcoder] [OK] ai-weather/node_modules/date-fns/parse/_lib/parsers/LocalDayParser.js
[deepseekcoder] [OK] ai-weather/node_modules/date-fns/parse/_lib/parsers/LocalWeekYearParser.d.ts
[deepseekcoder] [OK] ai-weather/node_modules/date-fns/parse/_lib/parsers/StandAloneQuarterParser.d.ts
[deepseekcoder] [OK] ai-weather/node_modules/date-fns/parse/_lib/parsers/TimestampMillisecondsParser.d.ts
[deepseekcoder] [OK] ai-weather/node_modules/date-fns/parse/_lib/parsers/DayOfYearParser.d.ts
[deepseekcoder] [OK] ai-weather/node_modules/date-fns/parse/_lib/parsers/LocalWeekYearParser.js
[deepseekcoder] [OK] ai-weather/node_modules/date-fns/parse/_lib/parsers/LocalDayParser.d.ts
[deepseekcoder] [OK] ai-weather/node_modules/date-fns/parse/_lib/parsers/MinuteParser.js
[deepseekcoder] [OK] ai-weather/node_modules/date-fns/parse/_lib/parsers/Hour0to23Parser.d.ts
[deepseekcoder] [OK] ai-weather/node_modules/date-fns/parse/_lib/parsers/MinuteParser.d.ts
[deepseekcoder] [OK] ai-weather/node_modules/date-fns/parse/_lib/parsers/TimestampSecondsParser.d.ts
[deepseekcoder] [OK] ai-weather/node_modules/date-fns/parse/_lib/parsers/DayParser.d.ts
[deepseekcoder] [OK] ai-weather/node_modules/date-fns/parse/_lib/parsers/DayPeriodParser.js
[deepseekcoder] [OK] ai-weather/node_modules/date-fns/parse/_lib/parsers/DayOfYearParser.js
[deepseekcoder] [OK] ai-weather/node_modules/date-fns/parse/_lib/parsers/Hour1to12Parser.d.ts
[deepseekcoder] [OK] ai-weather/node_modules/date-fns/parse/_lib/parsers/QuarterParser.js
[deepseekcoder] [OK] ai-weather/node_modules/date-fns/parse/_lib/parsers/ISOWeekYearParser.d.ts
[deepseekcoder] [OK] ai-weather/node_modules/date-fns/parse/_lib/parsers/ISOWeekParser.d.ts
[deepseekcoder] [OK] ai-weather/node_modules/date-fns/parse/_lib/parsers/StandAloneMonthParser.js
[deepseekcoder] [OK] ai-weather/node_modules/date-fns/parse/_lib/parsers/StandAloneMonthParser.d.ts
[deepseekcoder] [OK] ai-weather/node_modules/date-fns/parse/_lib/parsers/YearParser.js
[deepseekcoder] [OK] ai-weather/node_modules/date-fns/parse/_lib/parsers/ISODayParser.js
[deepseekcoder] [OK] ai-weather/node_modules/date-fns/parse/_lib/parsers/AMPMMidnightParser.d.ts
[deepseekcoder] [OK] ai-weather/node_modules/date-fns/parse/_lib/parsers/Hour0To11Parser.js
[deepseekcoder] [OK] ai-weather/node_modules/date-fns/parse/_lib/parsers/DateParser.js
[deepseekcoder] [OK] ai-weather/node_modules/date-fns/parse/_lib/parsers/ISOTimezoneWithZParser.js
[deepseekcoder] [OK] ai-weather/node_modules/date-fns/parse/_lib/parsers/MonthParser.d.ts
[deepseekcoder] [OK] ai-weather/node_modules/date-fns/parse/_lib/parsers/QuarterParser.d.ts
[deepseekcoder] [OK] ai-weather/node_modules/date-fns/parse/_lib/parsers/YearParser.d.ts
[deepseekcoder] [OK] ai-weather/node_modules/date-fns/parse/_lib/parsers/LocalWeekParser.js
[deepseekcoder] [OK] ai-weather/node_modules/date-fns/parse/_lib/parsers/Hour1to12Parser.js
[deepseekcoder] [OK] ai-weather/node_modules/date-fns/parse/_lib/parsers/ExtendedYearParser.js
[deepseekcoder] [OK] ai-weather/node_modules/date-fns/parse/_lib/parsers/Hour1To24Parser.d.ts
[deepseekcoder] [OK] ai-weather/node_modules/date-fns/parse/_lib/parsers/StandAloneLocalDayParser.d.ts
[deepseekcoder] [OK] ai-weather/node_modules/date-fns/parse/_lib/parsers/ExtendedYearParser.d.ts
[deepseekcoder] [OK] ai-weather/node_modules/date-fns/parse/_lib/parsers/ISOTimezoneParser.js
[deepseekcoder] [OK] ai-weather/node_modules/date-fns/parse/_lib/parsers/Hour0to23Parser.js
[deepseekcoder] [OK] ai-weather/node_modules/date-fns/parse/_lib/parsers/EraParser.d.ts
[deepseekcoder] [OK] ai-weather/node_modules/date-fns/parse/_lib/parsers/DayParser.js
[deepseekcoder] [OK] ai-weather/node_modules/date-fns/parse/_lib/parsers/Hour0To11Parser.d.ts
[deepseekcoder] [OK] ai-weather/node_modules/date-fns/parse/_lib/parsers/ISOTimezoneParser.d.ts
[deepseekcoder] [OK] ai-weather/node_modules/date-fns/parse/_lib/parsers/StandAloneQuarterParser.js
[deepseekcoder] [OK] ai-weather/node_modules/date-fns/parse/_lib/parsers/EraParser.js
[deepseekcoder] [OK] ai-weather/node_modules/date-fns/parse/_lib/parsers/TimestampMillisecondsParser.js
[deepseekcoder] [OK] ai-weather/node_modules/date-fns/parse/_lib/parsers/TimestampSecondsParser.js
[deepseekcoder] [OK] ai-weather/node_modules/date-fns/parse/_lib/parsers/StandAloneLocalDayParser.js
[deepseekcoder] [OK] ai-weather/node_modules/date-fns/parse/_lib/parsers/SecondParser.d.ts
[deepseekcoder] [OK] ai-weather/node_modules/date-fns/parse/_lib/parsers/AMPMParser.d.ts
[deepseekcoder] [OK] ai-weather/node_modules/date-fns/parse/_lib/parsers/FractionOfSecondParser.d.ts
[deepseekcoder] [OK] ai-weather/node_modules/date-fns/parse/_lib/parsers/ISOTimezoneWithZParser.d.ts
[deepseekcoder] [OK] ai-weather/node_modules/date-fns/parse/_lib/parsers/ISOWeekYearParser.js
[deepseekcoder] [OK] ai-weather/node_modules/date-fns/parse/_lib/parsers/AMPMParser.js
[deepseekcoder] [OK] ai-weather/node_modules/date-fns/parse/_lib/parsers/MonthParser.js
[deepseekcoder] [OK] ai-weather/node_modules/date-fns/parse/_lib/parsers/Hour1To24Parser.js
[deepseekcoder] [OK] ai-weather/node_modules/date-fns/parse/_lib/parsers/AMPMMidnightParser.js
[deepseekcoder] [OK] ai-weather/node_modules/date-fns/parse/_lib/parsers/LocalWeekParser.d.ts
[deepseekcoder] [OK] ai-weather/node_modules/date-fns/locale/pt.js
[deepseekcoder] [OK] ai-weather/node_modules/date-fns/parse/_lib/parsers/FractionOfSecondParser.js
[deepseekcoder] [OK] ai-weather/node_modules/date-fns/locale/kn.js
[deepseekcoder] [OK] ai-weather/node_modules/date-fns/locale/cy.js
[deepseekcoder] [OK] ai-weather/node_modules/date-fns/locale/bn.d.ts
[deepseekcoder] [OK] ai-weather/node_modules/date-fns/locale/be.d.ts
[deepseekcoder] [OK] ai-weather/node_modules/date-fns/locale/lt.d.ts
[deepseekcoder] [OK] ai-weather/node_modules/date-fns/locale/ar.js
[deepseekcoder] [OK] ai-weather/node_modules/date-fns/locale/ja.d.ts
[deepseekcoder] [OK] ai-weather/node_modules/date-fns/locale/vi.js
[deepseekcoder] [OK] ai-weather/node_modules/date-fns/locale/be-tarask.js
[deepseekcoder] [OK] ai-weather/node_modules/date-fns/locale/en-NZ.js
[deepseekcoder] [OK] ai-weather/node_modules/date-fns/locale/et.js
[deepseekcoder] [OK] ai-weather/node_modules/date-fns/locale/mk.js
[deepseekcoder] [OK] ai-weather/node_modules/date-fns/locale/en-AU.js
[deepseekcoder] [OK] ai-weather/node_modules/date-fns/locale/bs.d.ts
[deepseekcoder] [OK] ai-weather/node_modules/date-fns/locale/eu.d.ts
[deepseekcoder] [OK] ai-weather/node_modules/date-fns/locale/bg.js
[deepseekcoder] [OK] ai-weather/node_modules/date-fns/locale/en-GB.js
[deepseekcoder] [OK] ai-weather/node_modules/date-fns/locale/el.d.ts
[deepseekcoder] [OK] ai-weather/node_modules/date-fns/locale/sl.js
[deepseekcoder] [OK] ai-weather/node_modules/date-fns/locale/cs.js
[deepseekcoder] [OK] ai-weather/node_modules/date-fns/locale/en-IN.js
[deepseekcoder] [OK] ai-weather/node_modules/date-fns/locale/en-CA.d.ts
[deepseekcoder] [OK] ai-weather/node_modules/date-fns/locale/fr-CA.d.ts
[deepseekcoder] [OK] ai-weather/node_modules/date-fns/locale/nl-BE.js
[deepseekcoder] [OK] ai-weather/node_modules/date-fns/locale/af.d.ts
[deepseekcoder] [OK] ai-weather/node_modules/date-fns/locale/ug.js
[deepseekcoder] [OK] ai-weather/node_modules/date-fns/locale/eo.js
[deepseekcoder] [OK] ai-weather/node_modules/date-fns/locale/types.js
[deepseekcoder] [OK] ai-weather/node_modules/date-fns/locale/lb.js
[deepseekcoder] [OK] ai-weather/node_modules/date-fns/locale/nn.d.ts
[deepseekcoder] [OK] ai-weather/node_modules/date-fns/locale/be.js
[deepseekcoder] [OK] ai-weather/node_modules/date-fns/locale/hu.js
[deepseekcoder] [OK] ai-weather/node_modules/date-fns/locale/ja-Hira.js
[deepseekcoder] [OK] ai-weather/node_modules/date-fns/locale/lv.js
[deepseekcoder] [OK] ai-weather/node_modules/date-fns/locale/ar-MA.d.ts
[deepseekcoder] [OK] ai-weather/node_modules/date-fns/locale/it.js
[deepseekcoder] [OK] ai-weather/node_modules/date-fns/locale/uk.d.ts
[deepseekcoder] [OK] ai-weather/node_modules/date-fns/locale/nl.js
[deepseekcoder] [OK] ai-weather/node_modules/date-fns/locale/bs.js
[deepseekcoder] [OK] ai-weather/node_modules/date-fns/locale/zh-HK.js
[deepseekcoder] [OK] ai-weather/node_modules/date-fns/locale/hr.d.ts
[deepseekcoder] [OK] ai-weather/node_modules/date-fns/locale/zh-HK.d.ts
[deepseekcoder] [OK] ai-weather/node_modules/date-fns/locale/it-CH.js
[deepseekcoder] [OK] ai-weather/node_modules/date-fns/locale/gd.js
[deepseekcoder] [OK] ai-weather/node_modules/date-fns/locale/pt-BR.js
[deepseekcoder] [OK] ai-weather/node_modules/date-fns/locale/ta.d.ts
[deepseekcoder] [OK] ai-weather/node_modules/date-fns/locale/en-CA.js
[deepseekcoder] [OK] ai-weather/node_modules/date-fns/locale/da.d.ts
[deepseekcoder] [OK] ai-weather/node_modules/date-fns/locale/it.d.ts
[deepseekcoder] [OK] ai-weather/node_modules/date-fns/locale/sk.d.ts
[deepseekcoder] [OK] ai-weather/node_modules/date-fns/locale/nl.d.ts
[deepseekcoder] [OK] ai-weather/node_modules/date-fns/locale/ru.js
[deepseekcoder] [OK] ai-weather/node_modules/date-fns/locale/te.d.ts
[deepseekcoder] [OK] ai-weather/node_modules/date-fns/locale/he.js
[deepseekcoder] [OK] ai-weather/node_modules/date-fns/locale/zh-TW.d.ts
[deepseekcoder] [OK] ai-weather/node_modules/date-fns/locale/bg.d.ts
[deepseekcoder] [OK] ai-weather/node_modules/date-fns/locale/fy.js
[deepseekcoder] [OK] ai-weather/node_modules/date-fns/locale/ko.js
[deepseekcoder] [OK] ai-weather/node_modules/date-fns/locale/nb.js
[deepseekcoder] [OK] ai-weather/node_modules/date-fns/locale/uz.d.ts
[deepseekcoder] [OK] ai-weather/node_modules/date-fns/locale/hr.js
[deepseekcoder] [OK] ai-weather/node_modules/date-fns/locale/oc.d.ts
[deepseekcoder] [OK] ai-weather/node_modules/date-fns/locale/th.js
[deepseekcoder] [OK] ai-weather/node_modules/date-fns/locale/gl.js
[deepseekcoder] [OK] ai-weather/node_modules/date-fns/locale/ar-TN.d.ts
[deepseekcoder] [OK] ai-weather/node_modules/date-fns/locale/de.js
[deepseekcoder] [OK] ai-weather/node_modules/date-fns/locale/en-IN.d.ts
[deepseekcoder] [OK] ai-weather/node_modules/date-fns/locale/cy.d.ts
[deepseekcoder] [OK] ai-weather/node_modules/date-fns/locale/ca.js
[deepseekcoder] [OK] ai-weather/node_modules/date-fns/locale/ar-SA.d.ts
[deepseekcoder] [OK] ai-weather/node_modules/date-fns/locale/ro.js
[deepseekcoder] [OK] ai-weather/node_modules/date-fns/locale/ar-EG.js
[deepseekcoder] [OK] ai-weather/node_modules/date-fns/locale/vi.d.ts
[deepseekcoder] [OK] ai-weather/node_modules/date-fns/locale/km.js
[deepseekcoder] [OK] ai-weather/node_modules/date-fns/locale/sv.d.ts
[deepseekcoder] [OK] ai-weather/node_modules/date-fns/locale/hi.d.ts
[deepseekcoder] [OK] ai-weather/node_modules/date-fns/locale/fr-CH.js
[deepseekcoder] [OK] ai-weather/node_modules/date-fns/locale/kn.d.ts
[deepseekcoder] [OK] ai-weather/node_modules/date-fns/locale/ka.js
[deepseekcoder] [OK] ai-weather/node_modules/date-fns/locale/nn.js
[deepseekcoder] [OK] ai-weather/node_modules/date-fns/locale/ar-DZ.d.ts
[deepseekcoder] [OK] ai-weather/node_modules/date-fns/locale/sq.d.ts
[deepseekcoder] [OK] ai-weather/node_modules/date-fns/locale/hu.d.ts
[deepseekcoder] [OK] ai-weather/node_modules/date-fns/locale/en-IE.d.ts
[deepseekcoder] [OK] ai-weather/node_modules/date-fns/locale/te.js
[deepseekcoder] [OK] ai-weather/node_modules/date-fns/locale/he.d.ts
[deepseekcoder] [OK] ai-weather/node_modules/date-fns/locale/id.d.ts
[deepseekcoder] [OK] ai-weather/node_modules/date-fns/locale/nb.d.ts
[deepseekcoder] [OK] ai-weather/node_modules/date-fns/locale/en-AU.d.ts
[deepseekcoder] [OK] ai-weather/node_modules/date-fns/locale/az.d.ts
[deepseekcoder] [OK] ai-weather/node_modules/date-fns/locale/lv.d.ts
[deepseekcoder] [OK] ai-weather/node_modules/date-fns/locale/ms.d.ts
[deepseekcoder] [OK] ai-weather/node_modules/date-fns/locale/kk.js
[deepseekcoder] [OK] ai-weather/node_modules/date-fns/locale/ar.d.ts
[deepseekcoder] [OK] ai-weather/node_modules/date-fns/locale/en-US.d.ts
[deepseekcoder] [OK] ai-weather/node_modules/date-fns/locale/fi.d.ts
[deepseekcoder] [OK] ai-weather/node_modules/date-fns/locale/th.d.ts
[deepseekcoder] [OK] ai-weather/node_modules/date-fns/locale/ar-SA.js
[deepseekcoder] [OK] ai-weather/node_modules/date-fns/locale/ar-DZ.js
[deepseekcoder] [OK] ai-weather/node_modules/date-fns/locale/ar-EG.d.ts
[deepseekcoder] [OK] ai-weather/node_modules/date-fns/locale/sr.js
[deepseekcoder] [OK] ai-weather/node_modules/date-fns/locale/tr.js
[deepseekcoder] [OK] ai-weather/node_modules/date-fns/locale/gl.d.ts
[deepseekcoder] [OK] ai-weather/node_modules/date-fns/locale/cs.d.ts
[deepseekcoder] [OK] ai-weather/node_modules/date-fns/locale/el.js
[deepseekcoder] [OK] ai-weather/node_modules/date-fns/locale/zh-CN.js
[deepseekcoder] [OK] ai-weather/node_modules/date-fns/locale/uz-Cyrl.d.ts
[deepseekcoder] [OK] ai-weather/node_modules/date-fns/locale/zh-TW.js
[deepseekcoder] [OK] ai-weather/node_modules/date-fns/locale/types.d.ts
[deepseekcoder] [OK] ai-weather/node_modules/date-fns/locale/hy.js
[deepseekcoder] [OK] ai-weather/node_modules/date-fns/locale/en-US.js
[deepseekcoder] [OK] ai-weather/node_modules/date-fns/locale/is.d.ts
[deepseekcoder] [OK] ai-weather/node_modules/date-fns/locale/fa-IR.d.ts
[deepseekcoder] [OK] ai-weather/node_modules/date-fns/locale/ka.d.ts
[deepseekcoder] [OK] ai-weather/node_modules/date-fns/locale/uk.js
[deepseekcoder] [OK] ai-weather/node_modules/date-fns/locale/gu.d.ts
[deepseekcoder] [OK] ai-weather/node_modules/date-fns/locale/en-ZA.js
[deepseekcoder] [OK] ai-weather/node_modules/date-fns/locale/pl.js
[deepseekcoder] [OK] ai-weather/node_modules/date-fns/locale/tr.d.ts
[deepseekcoder] [OK] ai-weather/node_modules/date-fns/locale/sr-Latn.d.ts
[deepseekcoder] [OK] ai-weather/node_modules/date-fns/locale/uz.js
[deepseekcoder] [OK] ai-weather/node_modules/date-fns/locale/fr-CH.d.ts
[deepseekcoder] [OK] ai-weather/node_modules/date-fns/locale/sk.js
[deepseekcoder] [OK] ai-weather/node_modules/date-fns/locale/oc.js
[deepseekcoder] [OK] ai-weather/node_modules/date-fns/locale/fa-IR.js
[deepseekcoder] [OK] ai-weather/node_modules/date-fns/locale/fr.d.ts
[deepseekcoder] [OK] ai-weather/node_modules/date-fns/locale/ht.d.ts
[deepseekcoder] [OK] ai-weather/node_modules/date-fns/locale/ca.d.ts
[deepseekcoder] [OK] ai-weather/node_modules/date-fns/locale/mt.d.ts
[deepseekcoder] [OK] ai-weather/node_modules/date-fns/locale/sq.js
[deepseekcoder] [OK] ai-weather/node_modules/date-fns/locale/da.js
[deepseekcoder] [OK] ai-weather/node_modules/date-fns/locale/de-AT.d.ts
[deepseekcoder] [OK] ai-weather/node_modules/date-fns/locale/ja.js
[deepseekcoder] [OK] ai-weather/node_modules/date-fns/locale/en-NZ.d.ts
[deepseekcoder] [OK] ai-weather/node_modules/date-fns/locale/es.d.ts
[deepseekcoder] [OK] ai-weather/node_modules/date-fns/locale/fi.js
[deepseekcoder] [OK] ai-weather/node_modules/date-fns/locale/fy.d.ts
[deepseekcoder] [OK] ai-weather/node_modules/date-fns/locale/fr-CA.js
[deepseekcoder] [OK] ai-weather/node_modules/date-fns/locale/pt-BR.d.ts
[deepseekcoder] [OK] ai-weather/node_modules/date-fns/locale/en-IE.js
[deepseekcoder] [OK] ai-weather/node_modules/date-fns/locale/ht.js
[deepseekcoder] [OK] ai-weather/node_modules/date-fns/locale/gd.d.ts
[deepseekcoder] [OK] ai-weather/node_modules/date-fns/locale/ja-Hira.d.ts
[deepseekcoder] [OK] ai-weather/node_modules/date-fns/locale/es.js
[deepseekcoder] [OK] ai-weather/node_modules/date-fns/locale/ko.d.ts
[deepseekcoder] [OK] ai-weather/node_modules/date-fns/locale/sv.js
[deepseekcoder] [OK] ai-weather/node_modules/date-fns/locale/et.d.ts
[deepseekcoder] [OK] ai-weather/node_modules/date-fns/locale/nl-BE.d.ts
[deepseekcoder] [OK] ai-weather/node_modules/date-fns/locale/eo.d.ts
[deepseekcoder] [OK] ai-weather/node_modules/date-fns/locale/pl.d.ts
[deepseekcoder] [OK] ai-weather/node_modules/date-fns/locale/de-AT.js
[deepseekcoder] [OK] ai-weather/node_modules/date-fns/locale/ar-TN.js
[deepseekcoder] [OK] ai-weather/node_modules/date-fns/locale/fr.js
[deepseekcoder] [OK] ai-weather/node_modules/date-fns/locale/mk.d.ts
[deepseekcoder] [OK] ai-weather/node_modules/date-fns/locale/ms.js
[deepseekcoder] [OK] ai-weather/node_modules/date-fns/locale/pt.d.ts
[deepseekcoder] [OK] ai-weather/node_modules/date-fns/locale/hi.js
[deepseekcoder] [OK] ai-weather/node_modules/date-fns/locale/ro.d.ts
[deepseekcoder] [OK] ai-weather/node_modules/date-fns/locale/sl.d.ts
[deepseekcoder] [OK] ai-weather/node_modules/date-fns/locale/ta.js
[deepseekcoder] [OK] ai-weather/node_modules/date-fns/locale/id.js
[deepseekcoder] [OK] ai-weather/node_modules/date-fns/locale/mn.js
[deepseekcoder] [OK] ai-weather/node_modules/date-fns/locale/eu.js
[deepseekcoder] [OK] ai-weather/node_modules/date-fns/locale/gu.js
[deepseekcoder] [OK] ai-weather/node_modules/date-fns/locale/is.js
[deepseekcoder] [OK] ai-weather/node_modules/date-fns/locale/be-tarask.d.ts
[deepseekcoder] [OK] ai-weather/node_modules/date-fns/locale/lt.js
[deepseekcoder] [OK] ai-weather/node_modules/date-fns/locale/lb.d.ts
[deepseekcoder] [OK] ai-weather/node_modules/date-fns/locale/ru.d.ts
[deepseekcoder] [OK] ai-weather/node_modules/date-fns/locale/ar-MA.js
[deepseekcoder] [OK] ai-weather/node_modules/date-fns/locale/ug.d.ts
[deepseekcoder] [OK] ai-weather/node_modules/date-fns/locale/km.d.ts
[deepseekcoder] [OK] ai-weather/node_modules/date-fns/locale/sr.d.ts
[deepseekcoder] [OK] ai-weather/node_modules/date-fns/locale/en-GB.d.ts
[deepseekcoder] [OK] ai-weather/node_modules/date-fns/locale/az.js
[deepseekcoder] [OK] ai-weather/node_modules/date-fns/locale/zh-CN.d.ts
[deepseekcoder] [OK] ai-weather/node_modules/date-fns/locale/bn.js
[deepseekcoder] [OK] ai-weather/node_modules/date-fns/locale/mt.js
[deepseekcoder] [OK] ai-weather/node_modules/date-fns/locale/de.d.ts
[deepseekcoder] [OK] ai-weather/node_modules/date-fns/locale/mn.d.ts
[deepseekcoder] [OK] ai-weather/node_modules/date-fns/locale/sr-Latn.js
[deepseekcoder] [OK] ai-weather/node_modules/date-fns/locale/af.js
[deepseekcoder] [OK] ai-weather/node_modules/date-fns/locale/it-CH.d.ts
[deepseekcoder] [OK] ai-weather/node_modules/date-fns/locale/kk.d.ts
[deepseekcoder] [OK] ai-weather/node_modules/date-fns/locale/en-ZA.d.ts
[deepseekcoder] [OK] ai-weather/node_modules/date-fns/locale/hy.d.ts
[deepseekcoder] [OK] ai-weather/node_modules/date-fns/locale/zh-TW/_lib/formatLong.js
[deepseekcoder] [OK] ai-weather/node_modules/date-fns/locale/zh-TW/_lib/formatDistance.js
[deepseekcoder] [OK] ai-weather/node_modules/date-fns/locale/uz-Cyrl.js
[deepseekcoder] [OK] ai-weather/node_modules/date-fns/locale/zh-TW/_lib/match.js
[deepseekcoder] [OK] ai-weather/node_modules/date-fns/locale/zh-TW/_lib/localize.d.ts
[deepseekcoder] [OK] ai-weather/node_modules/date-fns/locale/zh-TW/_lib/formatLong.d.ts
[deepseekcoder] [OK] ai-weather/node_modules/date-fns/locale/zh-TW/_lib/formatRelative.d.ts
[deepseekcoder] [OK] ai-weather/node_modules/date-fns/locale/zh-TW/_lib/formatDistance.d.ts
[deepseekcoder] [OK] ai-weather/node_modules/date-fns/locale/zh-TW/_lib/formatRelative.js
[deepseekcoder] [OK] ai-weather/node_modules/date-fns/locale/zh-TW/_lib/localize.js
[deepseekcoder] [OK] ai-weather/node_modules/date-fns/locale/de-AT/_lib/localize.js
[deepseekcoder] [OK] ai-weather/node_modules/date-fns/locale/de-AT/_lib/localize.d.ts
[deepseekcoder] [OK] ai-weather/node_modules/date-fns/locale/gd/_lib/formatDistance.js
[deepseekcoder] [OK] ai-weather/node_modules/date-fns/locale/gd/_lib/formatLong.js
[deepseekcoder] [OK] ai-weather/node_modules/date-fns/locale/zh-TW/_lib/match.d.ts
[deepseekcoder] [OK] ai-weather/node_modules/date-fns/locale/gd/_lib/match.js
[deepseekcoder] [OK] ai-weather/node_modules/date-fns/locale/gd/_lib/localize.d.ts
[deepseekcoder] [OK] ai-weather/node_modules/date-fns/locale/gd/_lib/formatRelative.d.ts
[deepseekcoder] [OK] ai-weather/node_modules/date-fns/locale/gd/_lib/localize.js
[deepseekcoder] [OK] ai-weather/node_modules/date-fns/locale/gd/_lib/formatDistance.d.ts
[deepseekcoder] [OK] ai-weather/node_modules/date-fns/locale/gd/_lib/formatRelative.js
[deepseekcoder] [OK] ai-weather/node_modules/date-fns/locale/gd/_lib/formatLong.d.ts
[deepseekcoder] [OK] ai-weather/node_modules/date-fns/locale/gd/_lib/match.d.ts
[deepseekcoder] [OK] ai-weather/node_modules/date-fns/locale/is/_lib/formatLong.js
[deepseekcoder] [OK] ai-weather/node_modules/date-fns/locale/is/_lib/match.js
[deepseekcoder] [OK] ai-weather/node_modules/date-fns/locale/is/_lib/formatDistance.js
[deepseekcoder] [OK] ai-weather/node_modules/date-fns/locale/is/_lib/formatLong.d.ts
[deepseekcoder] [OK] ai-weather/node_modules/date-fns/locale/is/_lib/localize.d.ts
[deepseekcoder] [OK] ai-weather/node_modules/date-fns/locale/is/_lib/formatRelative.d.ts
[deepseekcoder] [OK] ai-weather/node_modules/date-fns/locale/is/_lib/formatDistance.d.ts
[deepseekcoder] [OK] ai-weather/node_modules/date-fns/locale/is/_lib/formatRelative.js
[deepseekcoder] [OK] ai-weather/node_modules/date-fns/locale/is/_lib/match.d.ts
[deepseekcoder] [OK] ai-weather/node_modules/date-fns/locale/nb/_lib/formatLong.js
[deepseekcoder] [OK] ai-weather/node_modules/date-fns/locale/nb/_lib/formatDistance.js
[deepseekcoder] [OK] ai-weather/node_modules/date-fns/locale/nb/_lib/match.js
[deepseekcoder] [OK] ai-weather/node_modules/date-fns/locale/is/_lib/localize.js
[deepseekcoder] [OK] ai-weather/node_modules/date-fns/locale/nb/_lib/formatLong.d.ts
[deepseekcoder] [OK] ai-weather/node_modules/date-fns/locale/nb/_lib/localize.d.ts
[deepseekcoder] [OK] ai-weather/node_modules/date-fns/locale/nb/_lib/formatRelative.d.ts
[deepseekcoder] [OK] ai-weather/node_modules/date-fns/locale/nb/_lib/formatDistance.d.ts
[deepseekcoder] [OK] ai-weather/node_modules/date-fns/locale/nb/_lib/localize.js
[deepseekcoder] [OK] ai-weather/node_modules/date-fns/locale/nb/_lib/formatRelative.js
[deepseekcoder] [OK] ai-weather/node_modules/date-fns/locale/nb/_lib/match.d.ts
[deepseekcoder] [OK] ai-weather/node_modules/date-fns/locale/pt-BR/_lib/formatDistance.js
[deepseekcoder] [OK] ai-weather/node_modules/date-fns/locale/pt-BR/_lib/formatLong.js
[deepseekcoder] [OK] ai-weather/node_modules/date-fns/locale/pt-BR/_lib/formatLong.d.ts
[deepseekcoder] [OK] ai-weather/node_modules/date-fns/locale/pt-BR/_lib/localize.d.ts
[deepseekcoder] [OK] ai-weather/node_modules/date-fns/locale/pt-BR/_lib/formatRelative.d.ts
[deepseekcoder] [OK] ai-weather/node_modules/date-fns/locale/pt-BR/_lib/formatDistance.d.ts
[deepseekcoder] [OK] ai-weather/node_modules/date-fns/locale/pt-BR/_lib/localize.js
[deepseekcoder] [OK] ai-weather/node_modules/date-fns/locale/pt-BR/_lib/match.js
[deepseekcoder] [OK] ai-weather/node_modules/date-fns/locale/pt-BR/_lib/formatRelative.js
[deepseekcoder] [OK] ai-weather/node_modules/date-fns/locale/pt-BR/_lib/match.d.ts
[deepseekcoder] [OK] ai-weather/node_modules/date-fns/locale/hu/_lib/formatLong.js
[deepseekcoder] [OK] ai-weather/node_modules/date-fns/locale/hu/_lib/match.js
[deepseekcoder] [OK] ai-weather/node_modules/date-fns/locale/hu/_lib/formatDistance.js
[deepseekcoder] [OK] ai-weather/node_modules/date-fns/locale/hu/_lib/formatLong.d.ts
[deepseekcoder] [OK] ai-weather/node_modules/date-fns/locale/hu/_lib/localize.d.ts
[deepseekcoder] [OK] ai-weather/node_modules/date-fns/locale/hu/_lib/formatDistance.d.ts
[deepseekcoder] [OK] ai-weather/node_modules/date-fns/locale/hu/_lib/localize.js
[deepseekcoder] [OK] ai-weather/node_modules/date-fns/locale/hu/_lib/match.d.ts
[deepseekcoder] [OK] ai-weather/node_modules/date-fns/locale/hu/_lib/formatRelative.js
[deepseekcoder] [OK] ai-weather/node_modules/date-fns/locale/hu/_lib/formatRelative.d.ts
[deepseekcoder] [OK] ai-weather/node_modules/date-fns/locale/fr/_lib/formatLong.js
[deepseekcoder] [OK] ai-weather/node_modules/date-fns/locale/fr/_lib/formatLong.d.ts
[deepseekcoder] [OK] ai-weather/node_modules/date-fns/locale/fr/_lib/match.js
[deepseekcoder] [OK] ai-weather/node_modules/date-fns/locale/fr/_lib/localize.d.ts
[deepseekcoder] [OK] ai-weather/node_modules/date-fns/locale/fr/_lib/formatRelative.d.ts
[deepseekcoder] [OK] ai-weather/node_modules/date-fns/locale/fr/_lib/formatDistance.d.ts
[deepseekcoder] [OK] ai-weather/node_modules/date-fns/locale/fr/_lib/formatDistance.js
[deepseekcoder] [OK] ai-weather/node_modules/date-fns/locale/fr/_lib/localize.js
[deepseekcoder] [OK] ai-weather/node_modules/date-fns/locale/fr/_lib/formatRelative.js
[deepseekcoder] [OK] ai-weather/node_modules/date-fns/locale/fr/_lib/match.d.ts
[deepseekcoder] [OK] ai-weather/node_modules/date-fns/locale/nl/_lib/formatLong.js
[deepseekcoder] [OK] ai-weather/node_modules/date-fns/locale/nl/_lib/formatDistance.js
[deepseekcoder] [OK] ai-weather/node_modules/date-fns/locale/nl/_lib/match.js
[deepseekcoder] [OK] ai-weather/node_modules/date-fns/locale/nl/_lib/formatLong.d.ts
[deepseekcoder] [OK] ai-weather/node_modules/date-fns/locale/nl/_lib/localize.d.ts
[deepseekcoder] [OK] ai-weather/node_modules/date-fns/locale/nl/_lib/formatDistance.d.ts
[deepseekcoder] [OK] ai-weather/node_modules/date-fns/locale/nl/_lib/localize.js
[deepseekcoder] [OK] ai-weather/node_modules/date-fns/locale/nl/_lib/match.d.ts
[deepseekcoder] [OK] ai-weather/node_modules/date-fns/locale/nl/_lib/formatRelative.js
[deepseekcoder] [OK] ai-weather/node_modules/date-fns/locale/nl/_lib/formatRelative.d.ts
[deepseekcoder] [OK] ai-weather/node_modules/date-fns/locale/ar-MA/_lib/formatLong.js
[deepseekcoder] [OK] ai-weather/node_modules/date-fns/locale/ar-MA/_lib/formatLong.d.ts
[deepseekcoder] [OK] ai-weather/node_modules/date-fns/locale/ar-MA/_lib/match.js
[deepseekcoder] [OK] ai-weather/node_modules/date-fns/locale/ar-MA/_lib/localize.d.ts
[deepseekcoder] [OK] ai-weather/node_modules/date-fns/locale/ar-MA/_lib/formatRelative.d.ts
[deepseekcoder] [OK] ai-weather/node_modules/date-fns/locale/ar-MA/_lib/formatDistance.d.ts
[deepseekcoder] [OK] ai-weather/node_modules/date-fns/locale/ar-MA/_lib/formatDistance.js
[deepseekcoder] [OK] ai-weather/node_modules/date-fns/locale/ar-MA/_lib/localize.js
[deepseekcoder] [OK] ai-weather/node_modules/date-fns/locale/ar-MA/_lib/formatRelative.js
[deepseekcoder] [OK] ai-weather/node_modules/date-fns/locale/sr/_lib/formatLong.js
[deepseekcoder] [OK] ai-weather/node_modules/date-fns/locale/ar-MA/_lib/match.d.ts
[deepseekcoder] [OK] ai-weather/node_modules/date-fns/locale/sr/_lib/match.js
[deepseekcoder] [OK] ai-weather/node_modules/date-fns/locale/sr/_lib/formatDistance.js
[deepseekcoder] [OK] ai-weather/node_modules/date-fns/locale/sr/_lib/formatLong.d.ts
[deepseekcoder] [OK] ai-weather/node_modules/date-fns/locale/sr/_lib/localize.d.ts
[deepseekcoder] [OK] ai-weather/node_modules/date-fns/locale/sr/_lib/localize.js
[deepseekcoder] [OK] ai-weather/node_modules/date-fns/locale/sr/_lib/formatDistance.d.ts
[deepseekcoder] [OK] ai-weather/node_modules/date-fns/locale/sr/_lib/match.d.ts
[deepseekcoder] [OK] ai-weather/node_modules/date-fns/locale/sr/_lib/formatRelative.js
[deepseekcoder] [OK] ai-weather/node_modules/date-fns/locale/lt/_lib/formatLong.js
[deepseekcoder] [OK] ai-weather/node_modules/date-fns/locale/sr/_lib/formatRelative.d.ts
[deepseekcoder] [OK] ai-weather/node_modules/date-fns/locale/lt/_lib/formatLong.d.ts
[deepseekcoder] [OK] ai-weather/node_modules/date-fns/locale/lt/_lib/localize.d.ts
[deepseekcoder] [OK] ai-weather/node_modules/date-fns/locale/lt/_lib/formatRelative.d.ts
[deepseekcoder] [OK] ai-weather/node_modules/date-fns/locale/lt/_lib/match.js
[deepseekcoder] [OK] ai-weather/node_modules/date-fns/locale/lt/_lib/formatDistance.d.ts
[deepseekcoder] [OK] ai-weather/node_modules/date-fns/locale/lt/_lib/formatDistance.js
[deepseekcoder] [OK] ai-weather/node_modules/date-fns/locale/lt/_lib/localize.js
[deepseekcoder] [OK] ai-weather/node_modules/date-fns/locale/lt/_lib/match.d.ts
[deepseekcoder] [OK] ai-weather/node_modules/date-fns/locale/lt/_lib/formatRelative.js
[deepseekcoder] [OK] ai-weather/node_modules/date-fns/locale/en-ZA/_lib/formatLong.d.ts
[deepseekcoder] [OK] ai-weather/node_modules/date-fns/locale/en-ZA/_lib/formatLong.js
[deepseekcoder] [OK] ai-weather/node_modules/date-fns/locale/en-IN/_lib/formatLong.d.ts
[deepseekcoder] [OK] ai-weather/node_modules/date-fns/locale/en-IN/_lib/formatLong.js
[deepseekcoder] [OK] ai-weather/node_modules/date-fns/locale/be/_lib/formatLong.d.ts
[deepseekcoder] [OK] ai-weather/node_modules/date-fns/locale/be/_lib/formatDistance.js
[deepseekcoder] [OK] ai-weather/node_modules/date-fns/locale/be/_lib/match.js
[deepseekcoder] [OK] ai-weather/node_modules/date-fns/locale/be/_lib/localize.d.ts
[deepseekcoder] [OK] ai-weather/node_modules/date-fns/locale/be/_lib/formatRelative.d.ts
[deepseekcoder] [OK] ai-weather/node_modules/date-fns/locale/be/_lib/formatLong.js
[deepseekcoder] [OK] ai-weather/node_modules/date-fns/locale/be/_lib/localize.js
[deepseekcoder] [OK] ai-weather/node_modules/date-fns/locale/be/_lib/formatRelative.js
[deepseekcoder] [OK] ai-weather/node_modules/date-fns/locale/be/_lib/match.d.ts
[deepseekcoder] [OK] ai-weather/node_modules/date-fns/locale/sl/_lib/formatLong.js
[deepseekcoder] [OK] ai-weather/node_modules/date-fns/locale/sl/_lib/formatDistance.js
[deepseekcoder] [OK] ai-weather/node_modules/date-fns/locale/be/_lib/formatDistance.d.ts
[deepseekcoder] [OK] ai-weather/node_modules/date-fns/locale/sl/_lib/match.js
[deepseekcoder] [OK] ai-weather/node_modules/date-fns/locale/sl/_lib/formatLong.d.ts
[deepseekcoder] [OK] ai-weather/node_modules/date-fns/locale/sl/_lib/localize.d.ts
[deepseekcoder] [OK] ai-weather/node_modules/date-fns/locale/sl/_lib/formatRelative.d.ts
[deepseekcoder] [OK] ai-weather/node_modules/date-fns/locale/sl/_lib/formatDistance.d.ts
[deepseekcoder] [OK] ai-weather/node_modules/date-fns/locale/sl/_lib/localize.js
[deepseekcoder] [OK] ai-weather/node_modules/date-fns/locale/sl/_lib/match.d.ts
[deepseekcoder] [OK] ai-weather/node_modules/date-fns/locale/sl/_lib/formatRelative.js
[deepseekcoder] [OK] ai-weather/node_modules/date-fns/locale/ar-DZ/_lib/match.js
[deepseekcoder] [OK] ai-weather/node_modules/date-fns/locale/ar-DZ/_lib/formatDistance.js
[deepseekcoder] [OK] ai-weather/node_modules/date-fns/locale/ar-DZ/_lib/formatLong.d.ts
[deepseekcoder] [OK] ai-weather/node_modules/date-fns/locale/ar-DZ/_lib/localize.d.ts
[deepseekcoder] [OK] ai-weather/node_modules/date-fns/locale/ar-DZ/_lib/formatRelative.d.ts
[deepseekcoder] [OK] ai-weather/node_modules/date-fns/locale/ar-DZ/_lib/formatLong.js
[deepseekcoder] [OK] ai-weather/node_modules/date-fns/locale/ar-DZ/_lib/formatRelative.js
[deepseekcoder] [OK] ai-weather/node_modules/date-fns/locale/ar-DZ/_lib/match.d.ts
[deepseekcoder] [OK] ai-weather/node_modules/date-fns/locale/ar-DZ/_lib/localize.js
[deepseekcoder] [OK] ai-weather/node_modules/date-fns/locale/cs/_lib/formatLong.js
[deepseekcoder] [OK] ai-weather/node_modules/date-fns/locale/cs/_lib/formatDistance.js
[deepseekcoder] [OK] ai-weather/node_modules/date-fns/locale/ar-DZ/_lib/formatDistance.d.ts
[deepseekcoder] [OK] ai-weather/node_modules/date-fns/locale/cs/_lib/match.js
[deepseekcoder] [OK] ai-weather/node_modules/date-fns/locale/cs/_lib/formatLong.d.ts
[deepseekcoder] [OK] ai-weather/node_modules/date-fns/locale/cs/_lib/localize.d.ts
[deepseekcoder] [OK] ai-weather/node_modules/date-fns/locale/cs/_lib/formatRelative.d.ts
[deepseekcoder] [OK] ai-weather/node_modules/date-fns/locale/cs/_lib/formatDistance.d.ts
[deepseekcoder] [OK] ai-weather/node_modules/date-fns/locale/cs/_lib/localize.js
[deepseekcoder] [OK] ai-weather/node_modules/date-fns/locale/cs/_lib/formatRelative.js
[deepseekcoder] [OK] ai-weather/node_modules/date-fns/locale/cs/_lib/match.d.ts
[deepseekcoder] [OK] ai-weather/node_modules/date-fns/locale/ca/_lib/formatDistance.js
[deepseekcoder] [OK] ai-weather/node_modules/date-fns/locale/ca/_lib/match.js
[deepseekcoder] [OK] ai-weather/node_modules/date-fns/locale/ca/_lib/formatLong.d.ts
[deepseekcoder] [OK] ai-weather/node_modules/date-fns/locale/ca/_lib/localize.d.ts
[deepseekcoder] [OK] ai-weather/node_modules/date-fns/locale/ca/_lib/formatRelative.d.ts
[deepseekcoder] [OK] ai-weather/node_modules/date-fns/locale/ca/_lib/formatLong.js
[deepseekcoder] [OK] ai-weather/node_modules/date-fns/locale/ca/_lib/formatDistance.d.ts
[deepseekcoder] [OK] ai-weather/node_modules/date-fns/locale/ca/_lib/formatRelative.js
[deepseekcoder] [OK] ai-weather/node_modules/date-fns/locale/ca/_lib/localize.js
[deepseekcoder] [OK] ai-weather/node_modules/date-fns/locale/ca/_lib/match.d.ts
[deepseekcoder] [OK] ai-weather/node_modules/date-fns/locale/ms/_lib/formatLong.js
[deepseekcoder] [OK] ai-weather/node_modules/date-fns/locale/ms/_lib/formatDistance.js
[deepseekcoder] [OK] ai-weather/node_modules/date-fns/locale/ms/_lib/match.js
[deepseekcoder] [OK] ai-weather/node_modules/date-fns/locale/ms/_lib/localize.d.ts
[deepseekcoder] [OK] ai-weather/node_modules/date-fns/locale/ms/_lib/formatRelative.d.ts
[deepseekcoder] [OK] ai-weather/node_modules/date-fns/locale/ms/_lib/formatDistance.d.ts
[deepseekcoder] [OK] ai-weather/node_modules/date-fns/locale/ms/_lib/formatRelative.js
[deepseekcoder] [OK] ai-weather/node_modules/date-fns/locale/ms/_lib/localize.js
[deepseekcoder] [OK] ai-weather/node_modules/date-fns/locale/ms/_lib/formatLong.d.ts
[deepseekcoder] [OK] ai-weather/node_modules/date-fns/locale/th/_lib/formatDistance.js
[deepseekcoder] [OK] ai-weather/node_modules/date-fns/locale/th/_lib/formatLong.js
[deepseekcoder] [OK] ai-weather/node_modules/date-fns/locale/th/_lib/match.js
[deepseekcoder] [OK] ai-weather/node_modules/date-fns/locale/th/_lib/formatLong.d.ts
[deepseekcoder] [OK] ai-weather/node_modules/date-fns/locale/th/_lib/localize.d.ts
[deepseekcoder] [OK] ai-weather/node_modules/date-fns/locale/ms/_lib/match.d.ts
[deepseekcoder] [OK] ai-weather/node_modules/date-fns/locale/th/_lib/formatRelative.d.ts
[deepseekcoder] [OK] ai-weather/node_modules/date-fns/locale/th/_lib/formatDistance.d.ts
[deepseekcoder] [OK] ai-weather/node_modules/date-fns/locale/th/_lib/formatRelative.js
[deepseekcoder] [OK] ai-weather/node_modules/date-fns/locale/th/_lib/localize.js
[deepseekcoder] [OK] ai-weather/node_modules/date-fns/locale/th/_lib/match.d.ts
[deepseekcoder] [OK] ai-weather/node_modules/date-fns/locale/fr-CA/_lib/formatLong.d.ts
[deepseekcoder] [OK] ai-weather/node_modules/date-fns/locale/fr-CA/_lib/formatLong.js
[deepseekcoder] [OK] ai-weather/node_modules/date-fns/locale/en-GB/_lib/formatLong.js
[deepseekcoder] [OK] ai-weather/node_modules/date-fns/locale/sv/_lib/formatLong.js
[deepseekcoder] [OK] ai-weather/node_modules/date-fns/locale/sv/_lib/formatDistance.js
[deepseekcoder] [OK] ai-weather/node_modules/date-fns/locale/sv/_lib/formatLong.d.ts
[deepseekcoder] [OK] ai-weather/node_modules/date-fns/locale/sv/_lib/localize.d.ts
[deepseekcoder] [OK] ai-weather/node_modules/date-fns/locale/sv/_lib/match.js
[deepseekcoder] [OK] ai-weather/node_modules/date-fns/locale/en-GB/_lib/formatLong.d.ts
[deepseekcoder] [OK] ai-weather/node_modules/date-fns/locale/sv/_lib/formatRelative.d.ts
[deepseekcoder] [OK] ai-weather/node_modules/date-fns/locale/sv/_lib/formatDistance.d.ts
[deepseekcoder] [OK] ai-weather/node_modules/date-fns/locale/sv/_lib/localize.js
[deepseekcoder] [OK] ai-weather/node_modules/date-fns/locale/sv/_lib/formatRelative.js
[deepseekcoder] [OK] ai-weather/node_modules/date-fns/locale/ht/_lib/formatLong.js
[deepseekcoder] [OK] ai-weather/node_modules/date-fns/locale/sv/_lib/match.d.ts
[deepseekcoder] [OK] ai-weather/node_modules/date-fns/locale/ht/_lib/formatDistance.js
[deepseekcoder] [OK] ai-weather/node_modules/date-fns/locale/ht/_lib/match.js
[deepseekcoder] [OK] ai-weather/node_modules/date-fns/locale/ht/_lib/localize.d.ts
[deepseekcoder] [OK] ai-weather/node_modules/date-fns/locale/ht/_lib/formatRelative.d.ts
[deepseekcoder] [OK] ai-weather/node_modules/date-fns/locale/ht/_lib/formatDistance.d.ts
[deepseekcoder] [OK] ai-weather/node_modules/date-fns/locale/ht/_lib/localize.js
[deepseekcoder] [OK] ai-weather/node_modules/date-fns/locale/ht/_lib/formatRelative.js
[deepseekcoder] [OK] ai-weather/node_modules/date-fns/locale/ht/_lib/formatLong.d.ts
[deepseekcoder] [OK] ai-weather/node_modules/date-fns/locale/mt/_lib/formatLong.js
[deepseekcoder] [OK] ai-weather/node_modules/date-fns/locale/mt/_lib/formatDistance.js
[deepseekcoder] [OK] ai-weather/node_modules/date-fns/locale/mt/_lib/formatLong.d.ts
[deepseekcoder] [OK] ai-weather/node_modules/date-fns/locale/mt/_lib/match.js
[deepseekcoder] [OK] ai-weather/node_modules/date-fns/locale/mt/_lib/localize.d.ts
[deepseekcoder] [OK] ai-weather/node_modules/date-fns/locale/ht/_lib/match.d.ts
[deepseekcoder] [OK] ai-weather/node_modules/date-fns/locale/mt/_lib/formatRelative.d.ts
[deepseekcoder] [OK] ai-weather/node_modules/date-fns/locale/mt/_lib/formatDistance.d.ts
[deepseekcoder] [OK] ai-weather/node_modules/date-fns/locale/mt/_lib/localize.js
[deepseekcoder] [OK] ai-weather/node_modules/date-fns/locale/mt/_lib/formatRelative.js
[deepseekcoder] [OK] ai-weather/node_modules/date-fns/locale/mt/_lib/match.d.ts
[deepseekcoder] [OK] ai-weather/node_modules/date-fns/locale/zh-CN/_lib/formatLong.js
[deepseekcoder] [OK] ai-weather/node_modules/date-fns/locale/zh-CN/_lib/formatDistance.js
[deepseekcoder] [OK] ai-weather/node_modules/date-fns/locale/zh-CN/_lib/match.js
[deepseekcoder] [OK] ai-weather/node_modules/date-fns/locale/zh-CN/_lib/formatRelative.d.ts
[deepseekcoder] [OK] ai-weather/node_modules/date-fns/locale/zh-CN/_lib/localize.d.ts
[deepseekcoder] [OK] ai-weather/node_modules/date-fns/locale/zh-CN/_lib/formatDistance.d.ts
[deepseekcoder] [OK] ai-weather/node_modules/date-fns/locale/zh-CN/_lib/localize.js
[deepseekcoder] [OK] ai-weather/node_modules/date-fns/locale/zh-CN/_lib/formatRelative.js
[deepseekcoder] [OK] ai-weather/node_modules/date-fns/locale/zh-CN/_lib/formatLong.d.ts
[deepseekcoder] [OK] ai-weather/node_modules/date-fns/locale/et/_lib/formatDistance.js
[deepseekcoder] [OK] ai-weather/node_modules/date-fns/locale/et/_lib/formatLong.js
[deepseekcoder] [OK] ai-weather/node_modules/date-fns/locale/et/_lib/match.js
[deepseekcoder] [OK] ai-weather/node_modules/date-fns/locale/et/_lib/formatLong.d.ts
[deepseekcoder] [OK] ai-weather/node_modules/date-fns/locale/et/_lib/localize.d.ts
[deepseekcoder] [OK] ai-weather/node_modules/date-fns/locale/zh-CN/_lib/match.d.ts
[deepseekcoder] [OK] ai-weather/node_modules/date-fns/locale/et/_lib/formatRelative.d.ts
[deepseekcoder] [OK] ai-weather/node_modules/date-fns/locale/et/_lib/formatDistance.d.ts
[deepseekcoder] [OK] ai-weather/node_modules/date-fns/locale/et/_lib/localize.js
[deepseekcoder] [OK] ai-weather/node_modules/date-fns/locale/et/_lib/formatRelative.js
[deepseekcoder] [OK] ai-weather/node_modules/date-fns/locale/et/_lib/match.d.ts
[deepseekcoder] [OK] ai-weather/node_modules/date-fns/locale/fr-CH/_lib/formatLong.js
[deepseekcoder] [OK] ai-weather/node_modules/date-fns/locale/fr-CH/_lib/formatLong.d.ts
[deepseekcoder] [OK] ai-weather/node_modules/date-fns/locale/fr-CH/_lib/formatRelative.d.ts
[deepseekcoder] [OK] ai-weather/node_modules/date-fns/locale/hi/_lib/formatDistance.js
[deepseekcoder] [OK] ai-weather/node_modules/date-fns/locale/hi/_lib/formatLong.js
[deepseekcoder] [OK] ai-weather/node_modules/date-fns/locale/hi/_lib/match.js
[deepseekcoder] [OK] ai-weather/node_modules/date-fns/locale/hi/_lib/formatLong.d.ts
[deepseekcoder] [OK] ai-weather/node_modules/date-fns/locale/fr-CH/_lib/formatRelative.js
[deepseekcoder] [OK] ai-weather/node_modules/date-fns/locale/hi/_lib/localize.d.ts
[deepseekcoder] [OK] ai-weather/node_modules/date-fns/locale/hi/_lib/formatRelative.d.ts
[deepseekcoder] [OK] ai-weather/node_modules/date-fns/locale/hi/_lib/formatDistance.d.ts
[deepseekcoder] [OK] ai-weather/node_modules/date-fns/locale/hi/_lib/formatRelative.js
[deepseekcoder] [OK] ai-weather/node_modules/date-fns/locale/hi/_lib/localize.js
[deepseekcoder] [OK] ai-weather/node_modules/date-fns/locale/hi/_lib/match.d.ts
[deepseekcoder] [OK] ai-weather/node_modules/date-fns/locale/hy/_lib/formatLong.js
[deepseekcoder] [OK] ai-weather/node_modules/date-fns/locale/hy/_lib/formatDistance.js
[deepseekcoder] [OK] ai-weather/node_modules/date-fns/locale/hy/_lib/match.js
[deepseekcoder] [OK] ai-weather/node_modules/date-fns/locale/hy/_lib/localize.d.ts
[deepseekcoder] [OK] ai-weather/node_modules/date-fns/locale/hy/_lib/formatRelative.d.ts
[deepseekcoder] [OK] ai-weather/node_modules/date-fns/locale/hy/_lib/formatDistance.d.ts
[deepseekcoder] [OK] ai-weather/node_modules/date-fns/locale/hy/_lib/localize.js
[deepseekcoder] [OK] ai-weather/node_modules/date-fns/locale/hy/_lib/formatLong.d.ts
[deepseekcoder] [OK] ai-weather/node_modules/date-fns/locale/hy/_lib/formatRelative.js
[deepseekcoder] [OK] ai-weather/node_modules/date-fns/locale/hy/_lib/match.d.ts
[deepseekcoder] [OK] ai-weather/node_modules/date-fns/locale/kn/_lib/formatLong.js
[deepseekcoder] [OK] ai-weather/node_modules/date-fns/locale/kn/_lib/formatDistance.js
[deepseekcoder] [OK] ai-weather/node_modules/date-fns/locale/kn/_lib/match.js
[deepseekcoder] [OK] ai-weather/node_modules/date-fns/locale/kn/_lib/formatLong.d.ts
[deepseekcoder] [OK] ai-weather/node_modules/date-fns/locale/kn/_lib/localize.d.ts
[deepseekcoder] [OK] ai-weather/node_modules/date-fns/locale/kn/_lib/formatRelative.d.ts
[deepseekcoder] [OK] ai-weather/node_modules/date-fns/locale/kn/_lib/formatDistance.d.ts
[deepseekcoder] [OK] ai-weather/node_modules/date-fns/locale/kn/_lib/match.d.ts
[deepseekcoder] [OK] ai-weather/node_modules/date-fns/locale/kn/_lib/formatRelative.js
[deepseekcoder] [OK] ai-weather/node_modules/date-fns/locale/mn/_lib/formatLong.js
[deepseekcoder] [OK] ai-weather/node_modules/date-fns/locale/mn/_lib/formatDistance.js
[deepseekcoder] [OK] ai-weather/node_modules/date-fns/locale/mn/_lib/match.js
[deepseekcoder] [OK] ai-weather/node_modules/date-fns/locale/kn/_lib/localize.js
[deepseekcoder] [OK] ai-weather/node_modules/date-fns/locale/mn/_lib/formatRelative.d.ts
[deepseekcoder] [OK] ai-weather/node_modules/date-fns/locale/mn/_lib/localize.d.ts
[deepseekcoder] [OK] ai-weather/node_modules/date-fns/locale/mn/_lib/formatDistance.d.ts
[deepseekcoder] [OK] ai-weather/node_modules/date-fns/locale/mn/_lib/localize.js
[deepseekcoder] [OK] ai-weather/node_modules/date-fns/locale/mn/_lib/formatRelative.js
[deepseekcoder] [OK] ai-weather/node_modules/date-fns/locale/mn/_lib/formatLong.d.ts
[deepseekcoder] [OK] ai-weather/node_modules/date-fns/locale/mn/_lib/match.d.ts
[deepseekcoder] [OK] ai-weather/node_modules/date-fns/locale/ru/_lib/formatLong.js
[deepseekcoder] [OK] ai-weather/node_modules/date-fns/locale/ru/_lib/match.js
[deepseekcoder] [OK] ai-weather/node_modules/date-fns/locale/ru/_lib/formatDistance.js
[deepseekcoder] [OK] ai-weather/node_modules/date-fns/locale/ru/_lib/formatLong.d.ts
[deepseekcoder] [OK] ai-weather/node_modules/date-fns/locale/ru/_lib/localize.d.ts
[deepseekcoder] [OK] ai-weather/node_modules/date-fns/locale/ru/_lib/formatRelative.d.ts
[deepseekcoder] [OK] ai-weather/node_modules/date-fns/locale/ru/_lib/formatDistance.d.ts
[deepseekcoder] [OK] ai-weather/node_modules/date-fns/locale/ru/_lib/match.d.ts
[deepseekcoder] [OK] ai-weather/node_modules/date-fns/locale/ru/_lib/formatRelative.js
[deepseekcoder] [OK] ai-weather/node_modules/date-fns/locale/vi/_lib/formatLong.js
[deepseekcoder] [OK] ai-weather/node_modules/date-fns/locale/vi/_lib/formatDistance.js
[deepseekcoder] [OK] ai-weather/node_modules/date-fns/locale/vi/_lib/match.js
[deepseekcoder] [OK] ai-weather/node_modules/date-fns/locale/ru/_lib/localize.js
[deepseekcoder] [OK] ai-weather/node_modules/date-fns/locale/vi/_lib/localize.d.ts
[deepseekcoder] [OK] ai-weather/node_modules/date-fns/locale/vi/_lib/formatRelative.d.ts
[deepseekcoder] [OK] ai-weather/node_modules/date-fns/locale/vi/_lib/formatDistance.d.ts
[deepseekcoder] [OK] ai-weather/node_modules/date-fns/locale/vi/_lib/localize.js
[deepseekcoder] [OK] ai-weather/node_modules/date-fns/locale/vi/_lib/formatLong.d.ts
[deepseekcoder] [OK] ai-weather/node_modules/date-fns/locale/vi/_lib/formatRelative.js
[deepseekcoder] [OK] ai-weather/node_modules/date-fns/locale/vi/_lib/match.d.ts
[deepseekcoder] [OK] ai-weather/node_modules/date-fns/locale/tr/_lib/formatLong.js
[deepseekcoder] [OK] ai-weather/node_modules/date-fns/locale/tr/_lib/match.js
[deepseekcoder] [OK] ai-weather/node_modules/date-fns/locale/tr/_lib/formatDistance.js
[deepseekcoder] [OK] ai-weather/node_modules/date-fns/locale/tr/_lib/formatLong.d.ts
[deepseekcoder] [OK] ai-weather/node_modules/date-fns/locale/tr/_lib/localize.d.ts
[deepseekcoder] [OK] ai-weather/node_modules/date-fns/locale/tr/_lib/formatRelative.d.ts
[deepseekcoder] [OK] ai-weather/node_modules/date-fns/locale/tr/_lib/formatDistance.d.ts
[deepseekcoder] [OK] ai-weather/node_modules/date-fns/locale/tr/_lib/match.d.ts
[deepseekcoder] [OK] ai-weather/node_modules/date-fns/locale/tr/_lib/formatRelative.js
[deepseekcoder] [OK] ai-weather/node_modules/date-fns/locale/da/_lib/formatLong.js
[deepseekcoder] [OK] ai-weather/node_modules/date-fns/locale/da/_lib/formatDistance.js
[deepseekcoder] [OK] ai-weather/node_modules/date-fns/locale/da/_lib/match.js
[deepseekcoder] [OK] ai-weather/node_modules/date-fns/locale/tr/_lib/localize.js
[deepseekcoder] [OK] ai-weather/node_modules/date-fns/locale/da/_lib/localize.d.ts
[deepseekcoder] [OK] ai-weather/node_modules/date-fns/locale/da/_lib/formatRelative.d.ts
[deepseekcoder] [OK] ai-weather/node_modules/date-fns/locale/da/_lib/formatDistance.d.ts
[deepseekcoder] [OK] ai-weather/node_modules/date-fns/locale/da/_lib/localize.js
[deepseekcoder] [OK] ai-weather/node_modules/date-fns/locale/da/_lib/formatRelative.js
[deepseekcoder] [OK] ai-weather/node_modules/date-fns/locale/da/_lib/formatLong.d.ts
[deepseekcoder] [OK] ai-weather/node_modules/date-fns/locale/da/_lib/match.d.ts
[deepseekcoder] [OK] ai-weather/node_modules/date-fns/locale/en-AU/_lib/formatLong.js
[deepseekcoder] [OK] ai-weather/node_modules/date-fns/locale/en-AU/_lib/formatLong.d.ts
[deepseekcoder] [OK] ai-weather/node_modules/date-fns/locale/kk/_lib/formatLong.js
[deepseekcoder] [OK] ai-weather/node_modules/date-fns/locale/kk/_lib/formatDistance.js
[deepseekcoder] [OK] ai-weather/node_modules/date-fns/locale/kk/_lib/formatLong.d.ts
[deepseekcoder] [OK] ai-weather/node_modules/date-fns/locale/kk/_lib/match.js
[deepseekcoder] [OK] ai-weather/node_modules/date-fns/locale/kk/_lib/localize.d.ts
[deepseekcoder] [OK] ai-weather/node_modules/date-fns/locale/kk/_lib/formatRelative.d.ts
[deepseekcoder] [OK] ai-weather/node_modules/date-fns/locale/kk/_lib/localize.js
[deepseekcoder] [OK] ai-weather/node_modules/date-fns/locale/kk/_lib/formatRelative.js
[deepseekcoder] [OK] ai-weather/node_modules/date-fns/locale/kk/_lib/match.d.ts
[deepseekcoder] [OK] ai-weather/node_modules/date-fns/locale/bs/_lib/formatLong.js
[deepseekcoder] [OK] ai-weather/node_modules/date-fns/locale/bs/_lib/formatDistance.js
[deepseekcoder] [OK] ai-weather/node_modules/date-fns/locale/kk/_lib/formatDistance.d.ts
[deepseekcoder] [OK] ai-weather/node_modules/date-fns/locale/bs/_lib/match.js
[deepseekcoder] [OK] ai-weather/node_modules/date-fns/locale/bs/_lib/formatLong.d.ts
[deepseekcoder] [OK] ai-weather/node_modules/date-fns/locale/bs/_lib/formatRelative.d.ts
[deepseekcoder] [OK] ai-weather/node_modules/date-fns/locale/bs/_lib/localize.d.ts
[deepseekcoder] [OK] ai-weather/node_modules/date-fns/locale/bs/_lib/formatDistance.d.ts
[deepseekcoder] [OK] ai-weather/node_modules/date-fns/locale/bs/_lib/localize.js
[deepseekcoder] [OK] ai-weather/node_modules/date-fns/locale/bs/_lib/match.d.ts
[deepseekcoder] [OK] ai-weather/node_modules/date-fns/locale/bs/_lib/formatRelative.js
[deepseekcoder] [OK] ai-weather/node_modules/date-fns/locale/oc/_lib/formatDistance.js
[deepseekcoder] [OK] ai-weather/node_modules/date-fns/locale/oc/_lib/match.js
[deepseekcoder] [OK] ai-weather/node_modules/date-fns/locale/oc/_lib/formatLong.d.ts
[deepseekcoder] [OK] ai-weather/node_modules/date-fns/locale/oc/_lib/localize.d.ts
[deepseekcoder] [OK] ai-weather/node_modules/date-fns/locale/oc/_lib/formatRelative.d.ts
[deepseekcoder] [OK] ai-weather/node_modules/date-fns/locale/oc/_lib/formatLong.js
[deepseekcoder] [OK] ai-weather/node_modules/date-fns/locale/oc/_lib/formatDistance.d.ts
[deepseekcoder] [OK] ai-weather/node_modules/date-fns/locale/oc/_lib/localize.js
[deepseekcoder] [OK] ai-weather/node_modules/date-fns/locale/oc/_lib/match.d.ts
[deepseekcoder] [OK] ai-weather/node_modules/date-fns/locale/oc/_lib/formatRelative.js
[deepseekcoder] [OK] ai-weather/node_modules/date-fns/locale/sr-Latn/_lib/formatLong.js
[deepseekcoder] [OK] ai-weather/node_modules/date-fns/locale/sr-Latn/_lib/formatDistance.js
[deepseekcoder] [OK] ai-weather/node_modules/date-fns/locale/sr-Latn/_lib/match.js
[deepseekcoder] [OK] ai-weather/node_modules/date-fns/locale/sr-Latn/_lib/formatLong.d.ts
[deepseekcoder] [OK] ai-weather/node_modules/date-fns/locale/sr-Latn/_lib/formatDistance.d.ts
[deepseekcoder] [OK] ai-weather/node_modules/date-fns/locale/sr-Latn/_lib/formatRelative.d.ts
[deepseekcoder] [OK] ai-weather/node_modules/date-fns/locale/sr-Latn/_lib/formatRelative.js
[deepseekcoder] [OK] ai-weather/node_modules/date-fns/locale/sr-Latn/_lib/localize.js
[deepseekcoder] [OK] ai-weather/node_modules/date-fns/locale/sr-Latn/_lib/match.d.ts
[deepseekcoder] [OK] ai-weather/node_modules/date-fns/locale/sr-Latn/_lib/localize.d.ts
[deepseekcoder] [OK] ai-weather/node_modules/date-fns/locale/mk/_lib/formatLong.js
[deepseekcoder] [OK] ai-weather/node_modules/date-fns/locale/mk/_lib/formatDistance.js
[deepseekcoder] [OK] ai-weather/node_modules/date-fns/locale/mk/_lib/match.js
[deepseekcoder] [OK] ai-weather/node_modules/date-fns/locale/mk/_lib/formatLong.d.ts
[deepseekcoder] [OK] ai-weather/node_modules/date-fns/locale/mk/_lib/localize.d.ts
[deepseekcoder] [OK] ai-weather/node_modules/date-fns/locale/mk/_lib/formatDistance.d.ts
[deepseekcoder] [OK] ai-weather/node_modules/date-fns/locale/mk/_lib/formatRelative.d.ts
[deepseekcoder] [OK] ai-weather/node_modules/date-fns/locale/mk/_lib/match.d.ts
[deepseekcoder] [OK] ai-weather/node_modules/date-fns/locale/mk/_lib/formatRelative.js
[deepseekcoder] [OK] ai-weather/node_modules/date-fns/locale/hr/_lib/formatLong.js
[deepseekcoder] [OK] ai-weather/node_modules/date-fns/locale/hr/_lib/formatDistance.js
[deepseekcoder] [OK] ai-weather/node_modules/date-fns/locale/mk/_lib/localize.js
[deepseekcoder] [OK] ai-weather/node_modules/date-fns/locale/hr/_lib/match.js
[deepseekcoder] [OK] ai-weather/node_modules/date-fns/locale/hr/_lib/localize.d.ts
[deepseekcoder] [OK] ai-weather/node_modules/date-fns/locale/hr/_lib/formatRelative.d.ts
[deepseekcoder] [OK] ai-weather/node_modules/date-fns/locale/hr/_lib/formatDistance.d.ts
[deepseekcoder] [OK] ai-weather/node_modules/date-fns/locale/hr/_lib/localize.js
[deepseekcoder] [OK] ai-weather/node_modules/date-fns/locale/hr/_lib/formatRelative.js
[deepseekcoder] [OK] ai-weather/node_modules/date-fns/locale/hr/_lib/formatLong.d.ts
[deepseekcoder] [OK] ai-weather/node_modules/date-fns/locale/hr/_lib/match.d.ts
[deepseekcoder] [OK] ai-weather/node_modules/date-fns/locale/az/_lib/formatLong.js
[deepseekcoder] [OK] ai-weather/node_modules/date-fns/locale/az/_lib/formatDistance.js
[deepseekcoder] [OK] ai-weather/node_modules/date-fns/locale/az/_lib/match.js
[deepseekcoder] [OK] ai-weather/node_modules/date-fns/locale/az/_lib/formatLong.d.ts
[deepseekcoder] [OK] ai-weather/node_modules/date-fns/locale/az/_lib/localize.d.ts
[deepseekcoder] [OK] ai-weather/node_modules/date-fns/locale/az/_lib/formatRelative.d.ts
[deepseekcoder] [OK] ai-weather/node_modules/date-fns/locale/az/_lib/formatRelative.js
[deepseekcoder] [OK] ai-weather/node_modules/date-fns/locale/az/_lib/localize.js
[deepseekcoder] [OK] ai-weather/node_modules/date-fns/locale/az/_lib/match.d.ts
[deepseekcoder] [OK] ai-weather/node_modules/date-fns/locale/be-tarask/_lib/formatLong.js
[deepseekcoder] [OK] ai-weather/node_modules/date-fns/locale/be-tarask/_lib/formatDistance.js
[deepseekcoder] [OK] ai-weather/node_modules/date-fns/locale/az/_lib/formatDistance.d.ts
[deepseekcoder] [OK] ai-weather/node_modules/date-fns/locale/be-tarask/_lib/formatLong.d.ts
[deepseekcoder] [OK] ai-weather/node_modules/date-fns/locale/be-tarask/_lib/localize.d.ts
[deepseekcoder] [OK] ai-weather/node_modules/date-fns/locale/be-tarask/_lib/formatRelative.d.ts
[deepseekcoder] [OK] ai-weather/node_modules/date-fns/locale/be-tarask/_lib/formatDistance.d.ts
[deepseekcoder] [OK] ai-weather/node_modules/date-fns/locale/be-tarask/_lib/localize.js
[deepseekcoder] [OK] ai-weather/node_modules/date-fns/locale/be-tarask/_lib/match.js
[deepseekcoder] [OK] ai-weather/node_modules/date-fns/locale/be-tarask/_lib/formatRelative.js
[deepseekcoder] [OK] ai-weather/node_modules/date-fns/locale/be-tarask/_lib/match.d.ts
[deepseekcoder] [OK] ai-weather/node_modules/date-fns/locale/ar/_lib/formatDistance.js
[deepseekcoder] [OK] ai-weather/node_modules/date-fns/locale/ar/_lib/formatLong.js
[deepseekcoder] [OK] ai-weather/node_modules/date-fns/locale/ar/_lib/match.js
[deepseekcoder] [OK] ai-weather/node_modules/date-fns/locale/ar/_lib/formatLong.d.ts
[deepseekcoder] [OK] ai-weather/node_modules/date-fns/locale/ar/_lib/localize.d.ts
[deepseekcoder] [OK] ai-weather/node_modules/date-fns/locale/ar/_lib/formatRelative.d.ts
[deepseekcoder] [OK] ai-weather/node_modules/date-fns/locale/ar/_lib/formatRelative.js
[deepseekcoder] [OK] ai-weather/node_modules/date-fns/locale/ar/_lib/localize.js
[deepseekcoder] [OK] ai-weather/node_modules/date-fns/locale/ar/_lib/match.d.ts
[deepseekcoder] [OK] ai-weather/node_modules/date-fns/locale/sq/_lib/formatLong.js
[deepseekcoder] [OK] ai-weather/node_modules/date-fns/locale/ar/_lib/formatDistance.d.ts
[deepseekcoder] [OK] ai-weather/node_modules/date-fns/locale/sq/_lib/formatDistance.js
[deepseekcoder] [OK] ai-weather/node_modules/date-fns/locale/sq/_lib/formatLong.d.ts
[deepseekcoder] [OK] ai-weather/node_modules/date-fns/locale/sq/_lib/localize.d.ts
[deepseekcoder] [OK] ai-weather/node_modules/date-fns/locale/sq/_lib/formatDistance.d.ts
[deepseekcoder] [OK] ai-weather/node_modules/date-fns/locale/sq/_lib/formatRelative.d.ts
[deepseekcoder] [OK] ai-weather/node_modules/date-fns/locale/sq/_lib/match.js
[deepseekcoder] [OK] ai-weather/node_modules/date-fns/locale/sq/_lib/localize.js
[deepseekcoder] [OK] ai-weather/node_modules/date-fns/locale/sq/_lib/formatRelative.js
[deepseekcoder] [OK] ai-weather/node_modules/date-fns/locale/sq/_lib/match.d.ts
[deepseekcoder] [OK] ai-weather/node_modules/date-fns/locale/en-CA/_lib/formatLong.js
[deepseekcoder] [OK] ai-weather/node_modules/date-fns/locale/en-CA/_lib/formatDistance.js
[deepseekcoder] [OK] ai-weather/node_modules/date-fns/locale/en-CA/_lib/formatLong.d.ts
[deepseekcoder] [OK] ai-weather/node_modules/date-fns/locale/en-CA/_lib/formatDistance.d.ts
[deepseekcoder] [OK] ai-weather/node_modules/date-fns/locale/gu/_lib/formatLong.js
[deepseekcoder] [OK] ai-weather/node_modules/date-fns/locale/gu/_lib/formatDistance.js
[deepseekcoder] [OK] ai-weather/node_modules/date-fns/locale/gu/_lib/localize.d.ts
[deepseekcoder] [OK] ai-weather/node_modules/date-fns/locale/gu/_lib/formatLong.d.ts
[deepseekcoder] [OK] ai-weather/node_modules/date-fns/locale/gu/_lib/formatRelative.d.ts
[deepseekcoder] [OK] ai-weather/node_modules/date-fns/locale/gu/_lib/formatDistance.d.ts
[deepseekcoder] [OK] ai-weather/node_modules/date-fns/locale/gu/_lib/localize.js
[deepseekcoder] [OK] ai-weather/node_modules/date-fns/locale/gu/_lib/match.js
[deepseekcoder] [OK] ai-weather/node_modules/date-fns/locale/gu/_lib/match.d.ts
[deepseekcoder] [OK] ai-weather/node_modules/date-fns/locale/ar-EG/_lib/formatLong.js
[deepseekcoder] [OK] ai-weather/node_modules/date-fns/locale/ar-EG/_lib/formatDistance.js
[deepseekcoder] [OK] ai-weather/node_modules/date-fns/locale/ar-EG/_lib/match.js
[deepseekcoder] [OK] ai-weather/node_modules/date-fns/locale/ar-EG/_lib/formatLong.d.ts
[deepseekcoder] [OK] ai-weather/node_modules/date-fns/locale/gu/_lib/formatRelative.js
[deepseekcoder] [OK] ai-weather/node_modules/date-fns/locale/ar-EG/_lib/localize.d.ts
[deepseekcoder] [OK] ai-weather/node_modules/date-fns/locale/ar-EG/_lib/formatRelative.d.ts
[deepseekcoder] [OK] ai-weather/node_modules/date-fns/locale/ar-EG/_lib/formatDistance.d.ts
[deepseekcoder] [OK] ai-weather/node_modules/date-fns/locale/ar-EG/_lib/localize.js
[deepseekcoder] [OK] ai-weather/node_modules/date-fns/locale/ar-EG/_lib/formatRelative.js
[deepseekcoder] [OK] ai-weather/node_modules/date-fns/locale/ar-EG/_lib/match.d.ts
[deepseekcoder] [OK] ai-weather/node_modules/date-fns/locale/km/_lib/formatDistance.js
[deepseekcoder] [OK] ai-weather/node_modules/date-fns/locale/km/_lib/formatLong.js
[deepseekcoder] [OK] ai-weather/node_modules/date-fns/locale/km/_lib/localize.d.ts
[deepseekcoder] [OK] ai-weather/node_modules/date-fns/locale/km/_lib/formatLong.d.ts
[deepseekcoder] [OK] ai-weather/node_modules/date-fns/locale/km/_lib/formatDistance.d.ts
[deepseekcoder] [OK] ai-weather/node_modules/date-fns/locale/km/_lib/formatRelative.d.ts
[deepseekcoder] [OK] ai-weather/node_modules/date-fns/locale/km/_lib/localize.js
[deepseekcoder] [OK] ai-weather/node_modules/date-fns/locale/km/_lib/match.js
[deepseekcoder] [OK] ai-weather/node_modules/date-fns/locale/km/_lib/match.d.ts
[deepseekcoder] [OK] ai-weather/node_modules/date-fns/locale/cy/_lib/formatLong.js
[deepseekcoder] [OK] ai-weather/node_modules/date-fns/locale/cy/_lib/formatDistance.js
[deepseekcoder] [OK] ai-weather/node_modules/date-fns/locale/cy/_lib/match.js
[deepseekcoder] [OK] ai-weather/node_modules/date-fns/locale/cy/_lib/formatLong.d.ts
[deepseekcoder] [OK] ai-weather/node_modules/date-fns/locale/km/_lib/formatRelative.js
[deepseekcoder] [OK] ai-weather/node_modules/date-fns/locale/cy/_lib/localize.d.ts
[deepseekcoder] [OK] ai-weather/node_modules/date-fns/locale/cy/_lib/formatRelative.d.ts
[deepseekcoder] [OK] ai-weather/node_modules/date-fns/locale/cy/_lib/formatDistance.d.ts
[deepseekcoder] [OK] ai-weather/node_modules/date-fns/locale/cy/_lib/formatRelative.js
[deepseekcoder] [OK] ai-weather/node_modules/date-fns/locale/cy/_lib/localize.js
[deepseekcoder] [OK] ai-weather/node_modules/date-fns/locale/cy/_lib/match.d.ts
[deepseekcoder] [OK] ai-weather/node_modules/date-fns/locale/en-NZ/_lib/formatLong.d.ts
[deepseekcoder] [OK] ai-weather/node_modules/date-fns/locale/en-NZ/_lib/formatLong.js
[deepseekcoder] [OK] ai-weather/node_modules/date-fns/locale/ar-TN/_lib/formatLong.js
[deepseekcoder] [OK] ai-weather/node_modules/date-fns/locale/ar-TN/_lib/formatLong.d.ts
[deepseekcoder] [OK] ai-weather/node_modules/date-fns/locale/ar-TN/_lib/match.js
[deepseekcoder] [OK] ai-weather/node_modules/date-fns/locale/ar-TN/_lib/localize.d.ts
[deepseekcoder] [OK] ai-weather/node_modules/date-fns/locale/ar-TN/_lib/formatRelative.d.ts
[deepseekcoder] [OK] ai-weather/node_modules/date-fns/locale/ar-TN/_lib/formatDistance.d.ts
[deepseekcoder] [OK] ai-weather/node_modules/date-fns/locale/ar-TN/_lib/formatDistance.js
[deepseekcoder] [OK] ai-weather/node_modules/date-fns/locale/ar-TN/_lib/formatRelative.js
[deepseekcoder] [OK] ai-weather/node_modules/date-fns/locale/ar-TN/_lib/match.d.ts
[deepseekcoder] [OK] ai-weather/node_modules/date-fns/locale/fa-IR/_lib/formatDistance.js
[deepseekcoder] [OK] ai-weather/node_modules/date-fns/locale/fa-IR/_lib/formatLong.js
[deepseekcoder] [OK] ai-weather/node_modules/date-fns/locale/fa-IR/_lib/match.js
[deepseekcoder] [OK] ai-weather/node_modules/date-fns/locale/ar-TN/_lib/localize.js
[deepseekcoder] [OK] ai-weather/node_modules/date-fns/locale/fa-IR/_lib/formatLong.d.ts
[deepseekcoder] [OK] ai-weather/node_modules/date-fns/locale/fa-IR/_lib/localize.d.ts
[deepseekcoder] [OK] ai-weather/node_modules/date-fns/locale/fa-IR/_lib/formatRelative.d.ts
[deepseekcoder] [OK] ai-weather/node_modules/date-fns/locale/fa-IR/_lib/formatDistance.d.ts
[deepseekcoder] [OK] ai-weather/node_modules/date-fns/locale/fa-IR/_lib/formatRelative.js
[deepseekcoder] [OK] ai-weather/node_modules/date-fns/locale/fa-IR/_lib/match.d.ts
[deepseekcoder] [OK] ai-weather/node_modules/date-fns/locale/fa-IR/_lib/localize.js
[deepseekcoder] [OK] ai-weather/node_modules/date-fns/locale/bn/_lib/formatLong.js
[deepseekcoder] [OK] ai-weather/node_modules/date-fns/locale/bn/_lib/formatDistance.js
[deepseekcoder] [OK] ai-weather/node_modules/date-fns/locale/bn/_lib/match.js
[deepseekcoder] [OK] ai-weather/node_modules/date-fns/locale/bn/_lib/formatRelative.d.ts
[deepseekcoder] [OK] ai-weather/node_modules/date-fns/locale/bn/_lib/localize.d.ts
[deepseekcoder] [OK] ai-weather/node_modules/date-fns/locale/bn/_lib/formatDistance.d.ts
[deepseekcoder] [OK] ai-weather/node_modules/date-fns/locale/bn/_lib/localize.js
[deepseekcoder] [OK] ai-weather/node_modules/date-fns/locale/bn/_lib/formatRelative.js
[deepseekcoder] [OK] ai-weather/node_modules/date-fns/locale/bn/_lib/formatLong.d.ts
[deepseekcoder] [OK] ai-weather/node_modules/date-fns/locale/nn/_lib/formatDistance.js
[deepseekcoder] [OK] ai-weather/node_modules/date-fns/locale/nn/_lib/formatLong.js
[deepseekcoder] [OK] ai-weather/node_modules/date-fns/locale/nn/_lib/match.js
[deepseekcoder] [OK] ai-weather/node_modules/date-fns/locale/nn/_lib/formatLong.d.ts
[deepseekcoder] [OK] ai-weather/node_modules/date-fns/locale/nn/_lib/localize.d.ts
[deepseekcoder] [OK] ai-weather/node_modules/date-fns/locale/bn/_lib/match.d.ts
[deepseekcoder] [OK] ai-weather/node_modules/date-fns/locale/nn/_lib/formatRelative.d.ts
[deepseekcoder] [OK] ai-weather/node_modules/date-fns/locale/nn/_lib/formatDistance.d.ts
[deepseekcoder] [OK] ai-weather/node_modules/date-fns/locale/nn/_lib/formatRelative.js
[deepseekcoder] [OK] ai-weather/node_modules/date-fns/locale/nn/_lib/localize.js
[deepseekcoder] [OK] ai-weather/node_modules/date-fns/locale/nn/_lib/match.d.ts
[deepseekcoder] [OK] ai-weather/node_modules/date-fns/locale/de/_lib/formatLong.js
[deepseekcoder] [OK] ai-weather/node_modules/date-fns/locale/de/_lib/formatDistance.js
[deepseekcoder] [OK] ai-weather/node_modules/date-fns/locale/de/_lib/match.js
[deepseekcoder] [OK] ai-weather/node_modules/date-fns/locale/de/_lib/localize.d.ts
[deepseekcoder] [OK] ai-weather/node_modules/date-fns/locale/de/_lib/formatRelative.d.ts
[deepseekcoder] [OK] ai-weather/node_modules/date-fns/locale/de/_lib/formatDistance.d.ts
[deepseekcoder] [OK] ai-weather/node_modules/date-fns/locale/de/_lib/localize.js
[deepseekcoder] [OK] ai-weather/node_modules/date-fns/locale/de/_lib/formatRelative.js
[deepseekcoder] [OK] ai-weather/node_modules/date-fns/locale/de/_lib/formatLong.d.ts
[deepseekcoder] [OK] ai-weather/node_modules/date-fns/locale/el/_lib/formatDistance.js
[deepseekcoder] [OK] ai-weather/node_modules/date-fns/locale/el/_lib/formatLong.js
[deepseekcoder] [OK] ai-weather/node_modules/date-fns/locale/el/_lib/formatLong.d.ts
[deepseekcoder] [OK] ai-weather/node_modules/date-fns/locale/el/_lib/match.js
[deepseekcoder] [OK] ai-weather/node_modules/date-fns/locale/de/_lib/match.d.ts
[deepseekcoder] [OK] ai-weather/node_modules/date-fns/locale/el/_lib/localize.d.ts
[deepseekcoder] [OK] ai-weather/node_modules/date-fns/locale/el/_lib/formatRelative.d.ts
[deepseekcoder] [OK] ai-weather/node_modules/date-fns/locale/el/_lib/formatDistance.d.ts
[deepseekcoder] [OK] ai-weather/node_modules/date-fns/locale/el/_lib/localize.js
[deepseekcoder] [OK] ai-weather/node_modules/date-fns/locale/el/_lib/match.d.ts
[deepseekcoder] [OK] ai-weather/node_modules/date-fns/locale/el/_lib/formatRelative.js
[deepseekcoder] [OK] ai-weather/node_modules/date-fns/locale/bg/_lib/formatDistance.js
[deepseekcoder] [OK] ai-weather/node_modules/date-fns/locale/bg/_lib/formatLong.js
[deepseekcoder] [OK] ai-weather/node_modules/date-fns/locale/bg/_lib/match.js
[deepseekcoder] [OK] ai-weather/node_modules/date-fns/locale/bg/_lib/formatLong.d.ts
[deepseekcoder] [OK] ai-weather/node_modules/date-fns/locale/bg/_lib/formatDistance.d.ts
[deepseekcoder] [OK] ai-weather/node_modules/date-fns/locale/bg/_lib/formatRelative.d.ts
[deepseekcoder] [OK] ai-weather/node_modules/date-fns/locale/bg/_lib/localize.js
[deepseekcoder] [OK] ai-weather/node_modules/date-fns/locale/bg/_lib/formatRelative.js
[deepseekcoder] [OK] ai-weather/node_modules/date-fns/locale/bg/_lib/match.d.ts
[deepseekcoder] [OK] ai-weather/node_modules/date-fns/locale/bg/_lib/localize.d.ts
[deepseekcoder] [OK] ai-weather/node_modules/date-fns/locale/uz/_lib/formatDistance.js
[deepseekcoder] [OK] ai-weather/node_modules/date-fns/locale/uz/_lib/match.js
[deepseekcoder] [OK] ai-weather/node_modules/date-fns/locale/uz/_lib/formatLong.d.ts
[deepseekcoder] [OK] ai-weather/node_modules/date-fns/locale/uz/_lib/localize.d.ts
[deepseekcoder] [OK] ai-weather/node_modules/date-fns/locale/uz/_lib/formatRelative.d.ts
[deepseekcoder] [OK] ai-weather/node_modules/date-fns/locale/uz/_lib/formatLong.js
[deepseekcoder] [OK] ai-weather/node_modules/date-fns/locale/uz/_lib/formatDistance.d.ts
[deepseekcoder] [OK] ai-weather/node_modules/date-fns/locale/uz/_lib/localize.js
[deepseekcoder] [OK] ai-weather/node_modules/date-fns/locale/uz/_lib/match.d.ts
[deepseekcoder] [OK] ai-weather/node_modules/date-fns/locale/uz/_lib/formatRelative.js
[deepseekcoder] [OK] ai-weather/node_modules/date-fns/locale/fy/_lib/formatDistance.js
[deepseekcoder] [OK] ai-weather/node_modules/date-fns/locale/fy/_lib/formatLong.js
[deepseekcoder] [OK] ai-weather/node_modules/date-fns/locale/fy/_lib/formatLong.d.ts
[deepseekcoder] [OK] ai-weather/node_modules/date-fns/locale/fy/_lib/match.js
[deepseekcoder] [OK] ai-weather/node_modules/date-fns/locale/fy/_lib/formatDistance.d.ts
[deepseekcoder] [OK] ai-weather/node_modules/date-fns/locale/fy/_lib/formatRelative.d.ts
[deepseekcoder] [OK] ai-weather/node_modules/date-fns/locale/fy/_lib/localize.js
[deepseekcoder] [OK] ai-weather/node_modules/date-fns/locale/fy/_lib/formatRelative.js
[deepseekcoder] [OK] ai-weather/node_modules/date-fns/locale/fy/_lib/match.d.ts
[deepseekcoder] [OK] ai-weather/node_modules/date-fns/locale/fy/_lib/localize.d.ts
[deepseekcoder] [OK] ai-weather/node_modules/date-fns/locale/ka/_lib/formatDistance.js
[deepseekcoder] [OK] ai-weather/node_modules/date-fns/locale/ka/_lib/match.js
[deepseekcoder] [OK] ai-weather/node_modules/date-fns/locale/ka/_lib/localize.d.ts
[deepseekcoder] [OK] ai-weather/node_modules/date-fns/locale/ka/_lib/formatLong.d.ts
[deepseekcoder] [OK] ai-weather/node_modules/date-fns/locale/ka/_lib/formatRelative.d.ts
[deepseekcoder] [OK] ai-weather/node_modules/date-fns/locale/ka/_lib/formatLong.js
[deepseekcoder] [OK] ai-weather/node_modules/date-fns/locale/ka/_lib/formatDistance.d.ts
[deepseekcoder] [OK] ai-weather/node_modules/date-fns/locale/ka/_lib/localize.js
[deepseekcoder] [OK] ai-weather/node_modules/date-fns/locale/ka/_lib/match.d.ts
[deepseekcoder] [OK] ai-weather/node_modules/date-fns/locale/ka/_lib/formatRelative.js
[deepseekcoder] [OK] ai-weather/node_modules/date-fns/locale/gl/_lib/formatLong.js
[deepseekcoder] [OK] ai-weather/node_modules/date-fns/locale/gl/_lib/formatDistance.js
[deepseekcoder] [OK] ai-weather/node_modules/date-fns/locale/gl/_lib/match.js
[deepseekcoder] [OK] ai-weather/node_modules/date-fns/locale/gl/_lib/formatLong.d.ts
[deepseekcoder] [OK] ai-weather/node_modules/date-fns/locale/gl/_lib/formatRelative.d.ts
[deepseekcoder] [OK] ai-weather/node_modules/date-fns/locale/gl/_lib/formatDistance.d.ts
[deepseekcoder] [OK] ai-weather/node_modules/date-fns/locale/gl/_lib/formatRelative.js
[deepseekcoder] [OK] ai-weather/node_modules/date-fns/locale/gl/_lib/localize.js
[deepseekcoder] [OK] ai-weather/node_modules/date-fns/locale/gl/_lib/match.d.ts
[deepseekcoder] [OK] ai-weather/node_modules/date-fns/locale/gl/_lib/localize.d.ts
[deepseekcoder] [OK] ai-weather/node_modules/date-fns/locale/it/_lib/formatDistance.js
[deepseekcoder] [OK] ai-weather/node_modules/date-fns/locale/it/_lib/match.js
[deepseekcoder] [OK] ai-weather/node_modules/date-fns/locale/it/_lib/formatLong.d.ts
[deepseekcoder] [OK] ai-weather/node_modules/date-fns/locale/it/_lib/localize.d.ts
[deepseekcoder] [OK] ai-weather/node_modules/date-fns/locale/it/_lib/formatRelative.d.ts
[deepseekcoder] [OK] ai-weather/node_modules/date-fns/locale/it/_lib/formatLong.js
[deepseekcoder] [OK] ai-weather/node_modules/date-fns/locale/it/_lib/formatDistance.d.ts
[deepseekcoder] [OK] ai-weather/node_modules/date-fns/locale/it/_lib/localize.js
[deepseekcoder] [OK] ai-weather/node_modules/date-fns/locale/it/_lib/match.d.ts
[deepseekcoder] [OK] ai-weather/node_modules/date-fns/locale/it/_lib/formatRelative.js
[deepseekcoder] [OK] ai-weather/node_modules/date-fns/locale/id/_lib/formatLong.js
[deepseekcoder] [OK] ai-weather/node_modules/date-fns/locale/id/_lib/formatDistance.js
[deepseekcoder] [OK] ai-weather/node_modules/date-fns/locale/id/_lib/match.js
[deepseekcoder] [OK] ai-weather/node_modules/date-fns/locale/id/_lib/formatRelative.d.ts
[deepseekcoder] [OK] ai-weather/node_modules/date-fns/locale/id/_lib/localize.d.ts
[deepseekcoder] [OK] ai-weather/node_modules/date-fns/locale/id/_lib/formatDistance.d.ts
[deepseekcoder] [OK] ai-weather/node_modules/date-fns/locale/id/_lib/formatRelative.js
[deepseekcoder] [OK] ai-weather/node_modules/date-fns/locale/id/_lib/localize.js
[deepseekcoder] [OK] ai-weather/node_modules/date-fns/locale/id/_lib/formatLong.d.ts
[deepseekcoder] [OK] ai-weather/node_modules/date-fns/locale/es/_lib/formatLong.js
[deepseekcoder] [OK] ai-weather/node_modules/date-fns/locale/es/_lib/formatDistance.js
[deepseekcoder] [OK] ai-weather/node_modules/date-fns/locale/es/_lib/formatLong.d.ts
[deepseekcoder] [OK] ai-weather/node_modules/date-fns/locale/es/_lib/match.js
[deepseekcoder] [OK] ai-weather/node_modules/date-fns/locale/es/_lib/localize.d.ts
[deepseekcoder] [OK] ai-weather/node_modules/date-fns/locale/id/_lib/match.d.ts
[deepseekcoder] [OK] ai-weather/node_modules/date-fns/locale/es/_lib/formatRelative.d.ts
[deepseekcoder] [OK] ai-weather/node_modules/date-fns/locale/es/_lib/formatDistance.d.ts
[deepseekcoder] [OK] ai-weather/node_modules/date-fns/locale/es/_lib/localize.js
[deepseekcoder] [OK] ai-weather/node_modules/date-fns/locale/es/_lib/match.d.ts
[deepseekcoder] [OK] ai-weather/node_modules/date-fns/locale/es/_lib/formatRelative.js
[deepseekcoder] [OK] ai-weather/node_modules/date-fns/locale/uz-Cyrl/_lib/formatLong.js
[deepseekcoder] [OK] ai-weather/node_modules/date-fns/locale/uz-Cyrl/_lib/formatDistance.js
[deepseekcoder] [OK] ai-weather/node_modules/date-fns/locale/uz-Cyrl/_lib/match.js
[deepseekcoder] [OK] ai-weather/node_modules/date-fns/locale/uz-Cyrl/_lib/formatLong.d.ts
[deepseekcoder] [OK] ai-weather/node_modules/date-fns/locale/uz-Cyrl/_lib/formatRelative.d.ts
[deepseekcoder] [OK] ai-weather/node_modules/date-fns/locale/uz-Cyrl/_lib/formatDistance.d.ts
[deepseekcoder] [OK] ai-weather/node_modules/date-fns/locale/uz-Cyrl/_lib/formatRelative.js
[deepseekcoder] [OK] ai-weather/node_modules/date-fns/locale/uz-Cyrl/_lib/match.d.ts
[deepseekcoder] [OK] ai-weather/node_modules/date-fns/locale/uz-Cyrl/_lib/localize.js
[deepseekcoder] [OK] ai-weather/node_modules/date-fns/locale/uz-Cyrl/_lib/localize.d.ts
[deepseekcoder] [OK] ai-weather/node_modules/date-fns/locale/pt/_lib/match.js
[deepseekcoder] [OK] ai-weather/node_modules/date-fns/locale/pt/_lib/formatDistance.js
[deepseekcoder] [OK] ai-weather/node_modules/date-fns/locale/pt/_lib/formatLong.d.ts
[deepseekcoder] [OK] ai-weather/node_modules/date-fns/locale/pt/_lib/localize.d.ts
[deepseekcoder] [OK] ai-weather/node_modules/date-fns/locale/pt/_lib/formatRelative.d.ts
[deepseekcoder] [OK] ai-weather/node_modules/date-fns/locale/pt/_lib/formatLong.js
[deepseekcoder] [OK] ai-weather/node_modules/date-fns/locale/pt/_lib/formatDistance.d.ts
[deepseekcoder] [OK] ai-weather/node_modules/date-fns/locale/pt/_lib/localize.js
[deepseekcoder] [OK] ai-weather/node_modules/date-fns/locale/pt/_lib/match.d.ts
[deepseekcoder] [OK] ai-weather/node_modules/date-fns/locale/pt/_lib/formatRelative.js
[deepseekcoder] [OK] ai-weather/node_modules/date-fns/locale/he/_lib/formatLong.js
[deepseekcoder] [OK] ai-weather/node_modules/date-fns/locale/he/_lib/formatDistance.js
[deepseekcoder] [OK] ai-weather/node_modules/date-fns/locale/he/_lib/formatLong.d.ts
[deepseekcoder] [OK] ai-weather/node_modules/date-fns/locale/he/_lib/match.js
[deepseekcoder] [OK] ai-weather/node_modules/date-fns/locale/he/_lib/formatDistance.d.ts
[deepseekcoder] [OK] ai-weather/node_modules/date-fns/locale/he/_lib/formatRelative.d.ts
[deepseekcoder] [OK] ai-weather/node_modules/date-fns/locale/he/_lib/localize.js
[deepseekcoder] [OK] ai-weather/node_modules/date-fns/locale/he/_lib/formatRelative.js
[deepseekcoder] [OK] ai-weather/node_modules/date-fns/locale/he/_lib/match.d.ts
[deepseekcoder] [OK] ai-weather/node_modules/date-fns/locale/he/_lib/localize.d.ts
[deepseekcoder] [OK] ai-weather/node_modules/date-fns/locale/eo/_lib/formatDistance.js
[deepseekcoder] [OK] ai-weather/node_modules/date-fns/locale/eo/_lib/match.js
[deepseekcoder] [OK] ai-weather/node_modules/date-fns/locale/eo/_lib/formatLong.d.ts
[deepseekcoder] [OK] ai-weather/node_modules/date-fns/locale/eo/_lib/localize.d.ts
[deepseekcoder] [OK] ai-weather/node_modules/date-fns/locale/eo/_lib/formatRelative.d.ts
[deepseekcoder] [OK] ai-weather/node_modules/date-fns/locale/eo/_lib/formatLong.js
[deepseekcoder] [OK] ai-weather/node_modules/date-fns/locale/eo/_lib/formatDistance.d.ts
[deepseekcoder] [OK] ai-weather/node_modules/date-fns/locale/eo/_lib/localize.js
[deepseekcoder] [OK] ai-weather/node_modules/date-fns/locale/eo/_lib/formatRelative.js
[deepseekcoder] [OK] ai-weather/node_modules/date-fns/locale/eo/_lib/match.d.ts
[deepseekcoder] [OK] ai-weather/node_modules/date-fns/locale/lv/_lib/formatLong.js
[deepseekcoder] [OK] ai-weather/node_modules/date-fns/locale/lv/_lib/formatDistance.js
[deepseekcoder] [OK] ai-weather/node_modules/date-fns/locale/lv/_lib/match.js
[deepseekcoder] [OK] ai-weather/node_modules/date-fns/locale/lv/_lib/localize.d.ts
[deepseekcoder] [OK] ai-weather/node_modules/date-fns/locale/lv/_lib/formatRelative.d.ts
[deepseekcoder] [OK] ai-weather/node_modules/date-fns/locale/lv/_lib/formatDistance.d.ts
[deepseekcoder] [OK] ai-weather/node_modules/date-fns/locale/lv/_lib/localize.js
[deepseekcoder] [OK] ai-weather/node_modules/date-fns/locale/lv/_lib/formatRelative.js
[deepseekcoder] [OK] ai-weather/node_modules/date-fns/locale/lv/_lib/formatLong.d.ts
[deepseekcoder] [OK] ai-weather/node_modules/date-fns/locale/ug/_lib/formatLong.js
[deepseekcoder] [OK] ai-weather/node_modules/date-fns/locale/ug/_lib/formatDistance.js
[deepseekcoder] [OK] ai-weather/node_modules/date-fns/locale/ug/_lib/match.js
[deepseekcoder] [OK] ai-weather/node_modules/date-fns/locale/ug/_lib/formatLong.d.ts
[deepseekcoder] [OK] ai-weather/node_modules/date-fns/locale/ug/_lib/localize.d.ts
[deepseekcoder] [OK] ai-weather/node_modules/date-fns/locale/lv/_lib/match.d.ts
[deepseekcoder] [OK] ai-weather/node_modules/date-fns/locale/ug/_lib/formatRelative.d.ts
[deepseekcoder] [OK] ai-weather/node_modules/date-fns/locale/ug/_lib/formatDistance.d.ts
[deepseekcoder] [OK] ai-weather/node_modules/date-fns/locale/ug/_lib/formatRelative.js
[deepseekcoder] [OK] ai-weather/node_modules/date-fns/locale/ug/_lib/localize.js
[deepseekcoder] [OK] ai-weather/node_modules/date-fns/locale/ug/_lib/match.d.ts
[deepseekcoder] [OK] ai-weather/node_modules/date-fns/locale/ja-Hira/_lib/formatDistance.js
[deepseekcoder] [OK] ai-weather/node_modules/date-fns/locale/ja-Hira/_lib/formatLong.js
[deepseekcoder] [OK] ai-weather/node_modules/date-fns/locale/ja-Hira/_lib/match.js
[deepseekcoder] [OK] ai-weather/node_modules/date-fns/locale/ja-Hira/_lib/localize.d.ts
[deepseekcoder] [OK] ai-weather/node_modules/date-fns/locale/ja-Hira/_lib/formatRelative.d.ts
[deepseekcoder] [OK] ai-weather/node_modules/date-fns/locale/ja-Hira/_lib/formatDistance.d.ts
[deepseekcoder] [OK] ai-weather/node_modules/date-fns/locale/ja-Hira/_lib/localize.js
[deepseekcoder] [OK] ai-weather/node_modules/date-fns/locale/ja-Hira/_lib/formatRelative.js
[deepseekcoder] [OK] ai-weather/node_modules/date-fns/locale/ja-Hira/_lib/formatLong.d.ts
[deepseekcoder] [OK] ai-weather/node_modules/date-fns/locale/ta/_lib/formatDistance.js
[deepseekcoder] [OK] ai-weather/node_modules/date-fns/locale/ta/_lib/formatLong.js
[deepseekcoder] [OK] ai-weather/node_modules/date-fns/locale/ta/_lib/match.js
[deepseekcoder] [OK] ai-weather/node_modules/date-fns/locale/ta/_lib/formatLong.d.ts
[deepseekcoder] [OK] ai-weather/node_modules/date-fns/locale/ta/_lib/localize.d.ts
[deepseekcoder] [OK] ai-weather/node_modules/date-fns/locale/ja-Hira/_lib/match.d.ts
[deepseekcoder] [OK] ai-weather/node_modules/date-fns/locale/ta/_lib/formatRelative.d.ts
[deepseekcoder] [OK] ai-weather/node_modules/date-fns/locale/ta/_lib/formatDistance.d.ts
[deepseekcoder] [OK] ai-weather/node_modules/date-fns/locale/ta/_lib/localize.js
[deepseekcoder] [OK] ai-weather/node_modules/date-fns/locale/ta/_lib/match.d.ts
[deepseekcoder] [OK] ai-weather/node_modules/date-fns/locale/ta/_lib/formatRelative.js
[deepseekcoder] [OK] ai-weather/node_modules/date-fns/locale/ro/_lib/formatLong.js
[deepseekcoder] [OK] ai-weather/node_modules/date-fns/locale/ro/_lib/formatDistance.js
[deepseekcoder] [OK] ai-weather/node_modules/date-fns/locale/ro/_lib/formatLong.d.ts
[deepseekcoder] [OK] ai-weather/node_modules/date-fns/locale/ro/_lib/match.js
[deepseekcoder] [OK] ai-weather/node_modules/date-fns/locale/ro/_lib/formatDistance.d.ts
[deepseekcoder] [OK] ai-weather/node_modules/date-fns/locale/ro/_lib/formatRelative.d.ts
[deepseekcoder] [OK] ai-weather/node_modules/date-fns/locale/ro/_lib/formatRelative.js
[deepseekcoder] [OK] ai-weather/node_modules/date-fns/locale/ro/_lib/localize.js
[deepseekcoder] [OK] ai-weather/node_modules/date-fns/locale/ro/_lib/match.d.ts
[deepseekcoder] [OK] ai-weather/node_modules/date-fns/locale/ro/_lib/localize.d.ts
[deepseekcoder] [OK] ai-weather/node_modules/date-fns/locale/sk/_lib/formatLong.js
[deepseekcoder] [OK] ai-weather/node_modules/date-fns/locale/sk/_lib/formatDistance.js
[deepseekcoder] [OK] ai-weather/node_modules/date-fns/locale/sk/_lib/formatLong.d.ts
[deepseekcoder] [OK] ai-weather/node_modules/date-fns/locale/sk/_lib/match.js
[deepseekcoder] [OK] ai-weather/node_modules/date-fns/locale/sk/_lib/localize.d.ts
[deepseekcoder] [OK] ai-weather/node_modules/date-fns/locale/sk/_lib/formatRelative.d.ts
[deepseekcoder] [OK] ai-weather/node_modules/date-fns/locale/sk/_lib/formatDistance.d.ts
[deepseekcoder] [OK] ai-weather/node_modules/date-fns/locale/sk/_lib/localize.js
[deepseekcoder] [OK] ai-weather/node_modules/date-fns/locale/sk/_lib/match.d.ts
[deepseekcoder] [OK] ai-weather/node_modules/date-fns/locale/ja/_lib/formatLong.js
[deepseekcoder] [OK] ai-weather/node_modules/date-fns/locale/ja/_lib/formatDistance.js
[deepseekcoder] [OK] ai-weather/node_modules/date-fns/locale/ja/_lib/match.js
[deepseekcoder] [OK] ai-weather/node_modules/date-fns/locale/ja/_lib/formatLong.d.ts
[deepseekcoder] [OK] ai-weather/node_modules/date-fns/locale/sk/_lib/formatRelative.js
[deepseekcoder] [OK] ai-weather/node_modules/date-fns/locale/ja/_lib/localize.d.ts
[deepseekcoder] [OK] ai-weather/node_modules/date-fns/locale/ja/_lib/formatRelative.d.ts
[deepseekcoder] [OK] ai-weather/node_modules/date-fns/locale/ja/_lib/formatDistance.d.ts
[deepseekcoder] [OK] ai-weather/node_modules/date-fns/locale/ja/_lib/formatRelative.js
[deepseekcoder] [OK] ai-weather/node_modules/date-fns/locale/ja/_lib/match.d.ts
[deepseekcoder] [OK] ai-weather/node_modules/date-fns/locale/ja/_lib/localize.js
[deepseekcoder] [OK] ai-weather/node_modules/date-fns/locale/eu/_lib/formatDistance.js
[deepseekcoder] [OK] ai-weather/node_modules/date-fns/locale/eu/_lib/formatLong.js
[deepseekcoder] [OK] ai-weather/node_modules/date-fns/locale/eu/_lib/localize.d.ts
[deepseekcoder] [OK] ai-weather/node_modules/date-fns/locale/eu/_lib/formatLong.d.ts
[deepseekcoder] [OK] ai-weather/node_modules/date-fns/locale/eu/_lib/formatRelative.d.ts
[deepseekcoder] [OK] ai-weather/node_modules/date-fns/locale/eu/_lib/formatDistance.d.ts
[deepseekcoder] [OK] ai-weather/node_modules/date-fns/locale/eu/_lib/localize.js
[deepseekcoder] [OK] ai-weather/node_modules/date-fns/locale/eu/_lib/match.js
[deepseekcoder] [OK] ai-weather/node_modules/date-fns/locale/eu/_lib/match.d.ts
[deepseekcoder] [OK] ai-weather/node_modules/date-fns/locale/te/_lib/formatLong.js
[deepseekcoder] [OK] ai-weather/node_modules/date-fns/locale/te/_lib/formatDistance.js
[deepseekcoder] [OK] ai-weather/node_modules/date-fns/locale/te/_lib/match.js
[deepseekcoder] [OK] ai-weather/node_modules/date-fns/locale/te/_lib/formatLong.d.ts
[deepseekcoder] [OK] ai-weather/node_modules/date-fns/locale/eu/_lib/formatRelative.js
[deepseekcoder] [OK] ai-weather/node_modules/date-fns/locale/te/_lib/localize.d.ts
[deepseekcoder] [OK] ai-weather/node_modules/date-fns/locale/te/_lib/formatRelative.d.ts
[deepseekcoder] [OK] ai-weather/node_modules/date-fns/locale/te/_lib/formatDistance.d.ts
[deepseekcoder] [OK] ai-weather/node_modules/date-fns/locale/te/_lib/localize.js
[deepseekcoder] [OK] ai-weather/node_modules/date-fns/locale/te/_lib/formatRelative.js
[deepseekcoder] [OK] ai-weather/node_modules/date-fns/locale/te/_lib/match.d.ts
[deepseekcoder] [OK] ai-weather/node_modules/date-fns/locale/it-CH/_lib/formatLong.js
[deepseekcoder] [OK] ai-weather/node_modules/date-fns/locale/it-CH/_lib/formatLong.d.ts
[deepseekcoder] [OK] ai-weather/node_modules/date-fns/locale/af/_lib/formatLong.js
[deepseekcoder] [OK] ai-weather/node_modules/date-fns/locale/af/_lib/match.js
[deepseekcoder] [OK] ai-weather/node_modules/date-fns/locale/af/_lib/formatLong.d.ts
[deepseekcoder] [OK] ai-weather/node_modules/date-fns/locale/af/_lib/formatRelative.d.ts
[deepseekcoder] [OK] ai-weather/node_modules/date-fns/locale/af/_lib/localize.d.ts
[deepseekcoder] [OK] ai-weather/node_modules/date-fns/locale/af/_lib/formatDistance.d.ts
[deepseekcoder] [OK] ai-weather/node_modules/date-fns/locale/af/_lib/formatDistance.js
[deepseekcoder] [OK] ai-weather/node_modules/date-fns/locale/af/_lib/match.d.ts
[deepseekcoder] [OK] ai-weather/node_modules/date-fns/locale/af/_lib/formatRelative.js
[deepseekcoder] [OK] ai-weather/node_modules/date-fns/locale/fi/_lib/formatLong.js
[deepseekcoder] [OK] ai-weather/node_modules/date-fns/locale/fi/_lib/formatDistance.js
[deepseekcoder] [OK] ai-weather/node_modules/date-fns/locale/fi/_lib/match.js
[deepseekcoder] [OK] ai-weather/node_modules/date-fns/locale/af/_lib/localize.js
[deepseekcoder] [OK] ai-weather/node_modules/date-fns/locale/fi/_lib/formatLong.d.ts
[deepseekcoder] [OK] ai-weather/node_modules/date-fns/locale/fi/_lib/localize.d.ts
[deepseekcoder] [OK] ai-weather/node_modules/date-fns/locale/fi/_lib/formatDistance.d.ts
[deepseekcoder] [OK] ai-weather/node_modules/date-fns/locale/fi/_lib/formatRelative.d.ts
[deepseekcoder] [OK] ai-weather/node_modules/date-fns/locale/fi/_lib/localize.js
[deepseekcoder] [OK] ai-weather/node_modules/date-fns/locale/fi/_lib/formatRelative.js
[deepseekcoder] [OK] ai-weather/node_modules/date-fns/locale/fi/_lib/match.d.ts
[deepseekcoder] [OK] ai-weather/node_modules/date-fns/locale/uk/_lib/formatLong.js
[deepseekcoder] [OK] ai-weather/node_modules/date-fns/locale/uk/_lib/match.js
[deepseekcoder] [OK] ai-weather/node_modules/date-fns/locale/uk/_lib/formatLong.d.ts
[deepseekcoder] [OK] ai-weather/node_modules/date-fns/locale/uk/_lib/localize.d.ts
[deepseekcoder] [OK] ai-weather/node_modules/date-fns/locale/uk/_lib/formatRelative.d.ts
[deepseekcoder] [OK] ai-weather/node_modules/date-fns/locale/uk/_lib/formatDistance.d.ts
[deepseekcoder] [OK] ai-weather/node_modules/date-fns/locale/uk/_lib/formatDistance.js
[deepseekcoder] [OK] ai-weather/node_modules/date-fns/locale/uk/_lib/match.d.ts
[deepseekcoder] [OK] ai-weather/node_modules/date-fns/locale/uk/_lib/formatRelative.js
[deepseekcoder] [OK] ai-weather/node_modules/date-fns/locale/pl/_lib/formatLong.js
[deepseekcoder] [OK] ai-weather/node_modules/date-fns/locale/pl/_lib/formatDistance.js
[deepseekcoder] [OK] ai-weather/node_modules/date-fns/locale/uk/_lib/localize.js
[deepseekcoder] [OK] ai-weather/node_modules/date-fns/locale/pl/_lib/match.js
[deepseekcoder] [OK] ai-weather/node_modules/date-fns/locale/pl/_lib/formatLong.d.ts
[deepseekcoder] [OK] ai-weather/node_modules/date-fns/locale/pl/_lib/localize.d.ts
[deepseekcoder] [OK] ai-weather/node_modules/date-fns/locale/pl/_lib/formatRelative.d.ts
[deepseekcoder] [OK] ai-weather/node_modules/date-fns/locale/pl/_lib/formatDistance.d.ts
[deepseekcoder] [OK] ai-weather/node_modules/date-fns/locale/pl/_lib/localize.js
[deepseekcoder] [OK] ai-weather/node_modules/date-fns/locale/pl/_lib/match.d.ts
[deepseekcoder] [OK] ai-weather/node_modules/date-fns/locale/zh-HK/_lib/formatLong.js
[deepseekcoder] [OK] ai-weather/node_modules/date-fns/locale/zh-HK/_lib/formatDistance.js
[deepseekcoder] [OK] ai-weather/node_modules/date-fns/locale/zh-HK/_lib/match.js
[deepseekcoder] [OK] ai-weather/node_modules/date-fns/locale/zh-HK/_lib/formatLong.d.ts
[deepseekcoder] [OK] ai-weather/node_modules/date-fns/locale/pl/_lib/formatRelative.js
[deepseekcoder] [OK] ai-weather/node_modules/date-fns/locale/zh-HK/_lib/formatDistance.d.ts
[deepseekcoder] [OK] ai-weather/node_modules/date-fns/locale/zh-HK/_lib/formatRelative.d.ts
[deepseekcoder] [OK] ai-weather/node_modules/date-fns/locale/zh-HK/_lib/localize.js
[deepseekcoder] [OK] ai-weather/node_modules/date-fns/locale/zh-HK/_lib/formatRelative.js
[deepseekcoder] [OK] ai-weather/node_modules/date-fns/locale/zh-HK/_lib/match.d.ts
[deepseekcoder] [OK] ai-weather/node_modules/date-fns/locale/zh-HK/_lib/localize.d.ts
[deepseekcoder] [OK] ai-weather/node_modules/date-fns/locale/en-US/_lib/formatLong.js
[deepseekcoder] [OK] ai-weather/node_modules/date-fns/locale/en-US/_lib/formatDistance.js
[deepseekcoder] [OK] ai-weather/node_modules/date-fns/locale/en-US/_lib/formatLong.d.ts
[deepseekcoder] [OK] ai-weather/node_modules/date-fns/locale/en-US/_lib/match.js
[deepseekcoder] [OK] ai-weather/node_modules/date-fns/locale/en-US/_lib/localize.d.ts
[deepseekcoder] [OK] ai-weather/node_modules/date-fns/locale/en-US/_lib/formatRelative.d.ts
[deepseekcoder] [OK] ai-weather/node_modules/date-fns/locale/en-US/_lib/formatDistance.d.ts
[deepseekcoder] [OK] ai-weather/node_modules/date-fns/locale/en-US/_lib/localize.js
[deepseekcoder] [OK] ai-weather/node_modules/date-fns/locale/en-US/_lib/match.d.ts
[deepseekcoder] [OK] ai-weather/node_modules/date-fns/locale/_lib/buildMatchPatternFn.d.ts
[deepseekcoder] [OK] ai-weather/node_modules/date-fns/locale/_lib/buildMatchFn.d.ts
[deepseekcoder] [OK] ai-weather/node_modules/date-fns/locale/_lib/buildFormatLongFn.d.ts
[deepseekcoder] [OK] ai-weather/node_modules/date-fns/locale/_lib/buildLocalizeFn.d.ts
[deepseekcoder] [OK] ai-weather/node_modules/date-fns/locale/en-US/_lib/formatRelative.js
[deepseekcoder] [OK] ai-weather/node_modules/date-fns/locale/_lib/buildLocalizeFn.js
[deepseekcoder] [OK] ai-weather/node_modules/date-fns/locale/_lib/buildFormatLongFn.js
[deepseekcoder] [OK] ai-weather/node_modules/date-fns/locale/_lib/buildMatchPatternFn.js
[deepseekcoder] [OK] ai-weather/node_modules/date-fns/locale/_lib/buildMatchFn.js
[deepseekcoder] [OK] ai-weather/node_modules/date-fns/locale/lb/_lib/formatLong.js
[deepseekcoder] [OK] ai-weather/node_modules/date-fns/locale/lb/_lib/formatDistance.js
[deepseekcoder] [OK] ai-weather/node_modules/date-fns/locale/lb/_lib/formatLong.d.ts
[deepseekcoder] [OK] ai-weather/node_modules/date-fns/locale/lb/_lib/match.js
[deepseekcoder] [OK] ai-weather/node_modules/date-fns/locale/lb/_lib/formatDistance.d.ts
[deepseekcoder] [OK] ai-weather/node_modules/date-fns/locale/lb/_lib/formatRelative.d.ts
[deepseekcoder] [OK] ai-weather/node_modules/date-fns/locale/lb/_lib/localize.js
[deepseekcoder] [OK] ai-weather/node_modules/date-fns/locale/lb/_lib/formatRelative.js
[deepseekcoder] [OK] ai-weather/node_modules/date-fns/locale/lb/_lib/match.d.ts
[deepseekcoder] [OK] ai-weather/node_modules/date-fns/locale/lb/_lib/localize.d.ts
[deepseekcoder] [OK] ai-weather/node_modules/date-fns/locale/ko/_lib/match.js
[deepseekcoder] [OK] ai-weather/node_modules/date-fns/locale/ko/_lib/formatDistance.js
[deepseekcoder] [OK] ai-weather/node_modules/date-fns/locale/ko/_lib/formatLong.d.ts
[deepseekcoder] [OK] ai-weather/node_modules/date-fns/locale/ko/_lib/localize.d.ts
[deepseekcoder] [OK] ai-weather/node_modules/date-fns/locale/ko/_lib/formatRelative.d.ts
[deepseekcoder] [OK] ai-weather/node_modules/date-fns/locale/ko/_lib/formatLong.js
[deepseekcoder] [OK] ai-weather/node_modules/date-fns/locale/ko/_lib/formatDistance.d.ts
[deepseekcoder] [OK] ai-weather/node_modules/date-fns/locale/ko/_lib/localize.js
[deepseekcoder] [OK] ai-weather/node_modules/date-fns/locale/ko/_lib/match.d.ts
[deepseekcoder] [OK] ai-weather/node_modules/date-fns/locale/ko/_lib/formatRelative.js
[deepseekcoder] [OK] ai-weather/node_modules/date-fns/locale/nl-BE/_lib/formatLong.js
[deepseekcoder] [OK] ai-weather/node_modules/date-fns/locale/nl-BE/_lib/formatDistance.js
[deepseekcoder] [OK] ai-weather/node_modules/date-fns/locale/nl-BE/_lib/match.js
[deepseekcoder] [OK] ai-weather/node_modules/date-fns/locale/nl-BE/_lib/formatLong.d.ts
[deepseekcoder] [OK] ai-weather/node_modules/date-fns/locale/nl-BE/_lib/formatDistance.d.ts
[deepseekcoder] [OK] ai-weather/node_modules/date-fns/locale/nl-BE/_lib/formatRelative.d.ts
[deepseekcoder] [OK] ai-weather/node_modules/date-fns/locale/nl-BE/_lib/formatRelative.js
[deepseekcoder] [OK] ai-weather/node_modules/date-fns/locale/nl-BE/_lib/localize.js
[deepseekcoder] [OK] ai-weather/node_modules/date-fns/locale/nl-BE/_lib/localize.d.ts
[deepseekcoder] [OK] ai-weather/node_modules/date-fns/locale/nl-BE/_lib/match.d.ts
[deepseekcoder] [OK] ai-weather/node_modules/date-fns/locale/ar-SA/_lib/formatDistance.js
[deepseekcoder] [OK] ai-weather/node_modules/date-fns/locale/ar-SA/_lib/match.js
[deepseekcoder] [OK] ai-weather/node_modules/date-fns/locale/ar-SA/_lib/localize.d.ts
[deepseekcoder] [OK] ai-weather/node_modules/date-fns/locale/ar-SA/_lib/formatLong.d.ts
[deepseekcoder] [OK] ai-weather/node_modules/date-fns/locale/ar-SA/_lib/formatRelative.d.ts
[deepseekcoder] [OK] ai-weather/node_modules/date-fns/locale/ar-SA/_lib/formatLong.js
[deepseekcoder] [OK] ai-weather/node_modules/date-fns/locale/ar-SA/_lib/formatDistance.d.ts
[deepseekcoder] [OK] ai-weather/node_modules/date-fns/locale/ar-SA/_lib/formatRelative.js
[deepseekcoder] [OK] ai-weather/node_modules/date-fns/locale/ar-SA/_lib/localize.js
[deepseekcoder] [OK] ai-weather/node_modules/date-fns/locale/ar-SA/_lib/match.d.ts
[deepseekcoder] [OK] ai-weather/node_modules/date-fns/docs/i18nContributionGuide.md
[deepseekcoder] [OK] ai-weather/node_modules/date-fns/docs/fp.md
[deepseekcoder] [OK] ai-weather/node_modules/date-fns/docs/i18n.md
[deepseekcoder] [OK] ai-weather/node_modules/date-fns/docs/config.d.ts
[deepseekcoder] [OK] ai-weather/node_modules/date-fns/docs/unicodeTokens.md
[deepseekcoder] [OK] ai-weather/node_modules/date-fns/docs/webpack.md
[deepseekcoder] [OK] ai-weather/node_modules/date-fns/docs/timeZones.md
[deepseekcoder] [OK] ai-weather/node_modules/date-fns/docs/gettingStarted.md
[deepseekcoder] [OK] ai-weather/node_modules/date-fns/docs/config.js
[deepseekcoder] [OK] ai-weather/node_modules/date-fns/docs/release.md
[deepseekcoder] [OK] ai-weather/node_modules/date-fns/fp/yearsToDays.js
[deepseekcoder] [OK] ai-weather/node_modules/date-fns/fp/endOfMinute.js
[deepseekcoder] [OK] ai-weather/node_modules/date-fns/fp/roundToNearestMinutesWithOptions.d.ts
[deepseekcoder] [OK] ai-weather/node_modules/date-fns/fp/getWeek.d.ts
[deepseekcoder] [OK] ai-weather/node_modules/date-fns/fp/endOfSecond.js
[deepseekcoder] [OK] ai-weather/node_modules/date-fns/fp/differenceInDays.d.ts
[deepseekcoder] [OK] ai-weather/node_modules/date-fns/fp/isSameWeekWithOptions.js
[deepseekcoder] [OK] ai-weather/node_modules/date-fns/fp/getTime.d.ts
[deepseekcoder] [OK] ai-weather/node_modules/date-fns/fp/getWeekYear.js
[deepseekcoder] [OK] ai-weather/node_modules/date-fns/fp/minutesToHours.d.ts
[deepseekcoder] [OK] ai-weather/node_modules/date-fns/fp/isSameMinute.d.ts
[deepseekcoder] [OK] ai-weather/node_modules/date-fns/fp/daysToWeeks.d.ts
[deepseekcoder] [OK] ai-weather/node_modules/date-fns/fp/differenceInCalendarDays.d.ts
[deepseekcoder] [OK] ai-weather/node_modules/date-fns/fp/startOfISOWeekYear.d.ts
[deepseekcoder] [OK] ai-weather/node_modules/date-fns/fp/lastDayOfWeekWithOptions.d.ts
[deepseekcoder] [OK] ai-weather/node_modules/date-fns/fp/getQuarter.d.ts
[deepseekcoder] [OK] ai-weather/node_modules/date-fns/fp/differenceInSeconds.d.ts
[deepseekcoder] [OK] ai-weather/node_modules/date-fns/fp/eachDayOfInterval.d.ts
[deepseekcoder] [OK] ai-weather/node_modules/date-fns/fp/isWednesday.d.ts
[deepseekcoder] [OK] ai-weather/node_modules/date-fns/fp/addYears.js
[deepseekcoder] [OK] ai-weather/node_modules/date-fns/fp/isLastDayOfMonth.js
[deepseekcoder] [OK] ai-weather/node_modules/date-fns/fp/nextMonday.js
[deepseekcoder] [OK] ai-weather/node_modules/date-fns/fp/startOfDay.d.ts
[deepseekcoder] [OK] ai-weather/node_modules/date-fns/fp/toDate.d.ts
[deepseekcoder] [OK] ai-weather/node_modules/date-fns/fp/add.js
[deepseekcoder] [OK] ai-weather/node_modules/date-fns/fp/lastDayOfDecade.d.ts
[deepseekcoder] [OK] ai-weather/node_modules/date-fns/fp/intervalWithOptions.js
[deepseekcoder] [OK] ai-weather/node_modules/date-fns/fp/closestTo.js
[deepseekcoder] [OK] ai-weather/node_modules/date-fns/fp/getDay.d.ts
[deepseekcoder] [OK] ai-weather/node_modules/date-fns/fp/getWeekYear.d.ts
[deepseekcoder] [OK] ai-weather/node_modules/date-fns/fp/setQuarter.js
[deepseekcoder] [OK] ai-weather/node_modules/date-fns/fp/formatISODuration.js
[deepseekcoder] [OK] ai-weather/node_modules/date-fns/fp/intlFormat.d.ts
[deepseekcoder] [OK] ai-weather/node_modules/date-fns/fp/fromUnixTime.js
[deepseekcoder] [OK] ai-weather/node_modules/date-fns/fp/setISODay.js
[deepseekcoder] [OK] ai-weather/node_modules/date-fns/fp/startOfSecond.js
[deepseekcoder] [OK] ai-weather/node_modules/date-fns/fp/getQuarter.js
[deepseekcoder] [OK] ai-weather/node_modules/date-fns/fp/formatDistance.js
[deepseekcoder] [OK] ai-weather/node_modules/date-fns/fp/startOfWeekYearWithOptions.d.ts
[deepseekcoder] [OK] ai-weather/node_modules/date-fns/fp/startOfWeekYear.d.ts
[deepseekcoder] [OK] ai-weather/node_modules/date-fns/fp/sub.d.ts
[deepseekcoder] [OK] ai-weather/node_modules/date-fns/fp/getHours.d.ts
[deepseekcoder] [OK] ai-weather/node_modules/date-fns/fp/subMilliseconds.js
[deepseekcoder] [OK] ai-weather/node_modules/date-fns/fp/addWeeks.js
[deepseekcoder] [OK] ai-weather/node_modules/date-fns/fp/differenceInCalendarISOWeekYears.d.ts
[deepseekcoder] [OK] ai-weather/node_modules/date-fns/fp/nextTuesday.js
[deepseekcoder] [OK] ai-weather/node_modules/date-fns/fp/endOfDay.js
[deepseekcoder] [OK] ai-weather/node_modules/date-fns/fp/millisecondsToMinutes.js
[deepseekcoder] [OK] ai-weather/node_modules/date-fns/fp/eachHourOfIntervalWithOptions.d.ts
[deepseekcoder] [OK] ai-weather/node_modules/date-fns/fp/intervalToDuration.d.ts
[deepseekcoder] [OK] ai-weather/node_modules/date-fns/fp/differenceInQuarters.d.ts
[deepseekcoder] [OK] ai-weather/node_modules/date-fns/fp/getDaysInYear.js
[deepseekcoder] [OK] ai-weather/node_modules/date-fns/fp/getWeekWithOptions.js
[deepseekcoder] [OK] ai-weather/node_modules/date-fns/fp/clamp.js
[deepseekcoder] [OK] ai-weather/node_modules/date-fns/fp/getDecade.js
[deepseekcoder] [OK] ai-weather/node_modules/date-fns/fp/formatDistanceWithOptions.js
[deepseekcoder] [OK] ai-weather/node_modules/date-fns/fp/intlFormatDistance.js
[deepseekcoder] [OK] ai-weather/node_modules/date-fns/fp/isSunday.js
[deepseekcoder] [OK] ai-weather/node_modules/date-fns/fp/nextSaturday.d.ts
[deepseekcoder] [OK] ai-weather/node_modules/date-fns/fp/eachWeekendOfYear.js
[deepseekcoder] [OK] ai-weather/node_modules/date-fns/fp/isSameDay.js
[deepseekcoder] [OK] ai-weather/node_modules/date-fns/fp/isTuesday.js
[deepseekcoder] [OK] ai-weather/node_modules/date-fns/fp/eachWeekendOfInterval.js
[deepseekcoder] [OK] ai-weather/node_modules/date-fns/fp/minutesToMilliseconds.js
[deepseekcoder] [OK] ai-weather/node_modules/date-fns/fp/compareDesc.js
[deepseekcoder] [OK] ai-weather/node_modules/date-fns/fp/endOfMinute.d.ts
[deepseekcoder] [OK] ai-weather/node_modules/date-fns/fp/endOfDay.d.ts
[deepseekcoder] [OK] ai-weather/node_modules/date-fns/fp/getWeek.js
[deepseekcoder] [OK] ai-weather/node_modules/date-fns/fp/hoursToMilliseconds.js
[deepseekcoder] [OK] ai-weather/node_modules/date-fns/fp/subDays.js
[deepseekcoder] [OK] ai-weather/node_modules/date-fns/fp/getMinutes.d.ts
[deepseekcoder] [OK] ai-weather/node_modules/date-fns/fp/nextSunday.d.ts
[deepseekcoder] [OK] ai-weather/node_modules/date-fns/fp/nextWednesday.d.ts
[deepseekcoder] [OK] ai-weather/node_modules/date-fns/fp/differenceInCalendarMonths.d.ts
[deepseekcoder] [OK] ai-weather/node_modules/date-fns/fp/constructFrom.d.ts
[deepseekcoder] [OK] ai-weather/node_modules/date-fns/fp/subBusinessDays.d.ts
[deepseekcoder] [OK] ai-weather/node_modules/date-fns/fp/previousFriday.d.ts
[deepseekcoder] [OK] ai-weather/node_modules/date-fns/fp/eachQuarterOfIntervalWithOptions.js
[deepseekcoder] [OK] ai-weather/node_modules/date-fns/fp/yearsToMonths.d.ts
[deepseekcoder] [OK] ai-weather/node_modules/date-fns/fp/nextMonday.d.ts
[deepseekcoder] [OK] ai-weather/node_modules/date-fns/fp/lastDayOfYear.js
[deepseekcoder] [OK] ai-weather/node_modules/date-fns/fp/types.js
[deepseekcoder] [OK] ai-weather/node_modules/date-fns/fp/getISODay.d.ts
[deepseekcoder] [OK] ai-weather/node_modules/date-fns/fp/eachHourOfInterval.js
[deepseekcoder] [OK] ai-weather/node_modules/date-fns/fp/addWeeks.d.ts
[deepseekcoder] [OK] ai-weather/node_modules/date-fns/fp/compareDesc.d.ts
[deepseekcoder] [OK] ai-weather/node_modules/date-fns/fp/subSeconds.d.ts
[deepseekcoder] [OK] ai-weather/node_modules/date-fns/fp/formatISO9075WithOptions.d.ts
[deepseekcoder] [OK] ai-weather/node_modules/date-fns/fp/eachDayOfIntervalWithOptions.js
[deepseekcoder] [OK] ai-weather/node_modules/date-fns/fp/differenceInCalendarQuarters.d.ts
[deepseekcoder] [OK] ai-weather/node_modules/date-fns/fp/setISOWeekYear.d.ts
[deepseekcoder] [OK] ai-weather/node_modules/date-fns/fp/formatDurationWithOptions.d.ts
[deepseekcoder] [OK] ai-weather/node_modules/date-fns/fp/addHours.js
[deepseekcoder] [OK] ai-weather/node_modules/date-fns/fp/subQuarters.js
[deepseekcoder] [OK] ai-weather/node_modules/date-fns/fp/setWeek.js
[deepseekcoder] [OK] ai-weather/node_modules/date-fns/fp/hoursToSeconds.js
[deepseekcoder] [OK] ai-weather/node_modules/date-fns/fp/quartersToMonths.d.ts
[deepseekcoder] [OK] ai-weather/node_modules/date-fns/fp/parseISO.d.ts
[deepseekcoder] [OK] ai-weather/node_modules/date-fns/fp/lastDayOfWeek.d.ts
[deepseekcoder] [OK] ai-weather/node_modules/date-fns/fp/setWeekYear.js
[deepseekcoder] [OK] ai-weather/node_modules/date-fns/fp/getDate.js
[deepseekcoder] [OK] ai-weather/node_modules/date-fns/fp/differenceInISOWeekYears.d.ts
[deepseekcoder] [OK] ai-weather/node_modules/date-fns/fp/hoursToSeconds.d.ts
[deepseekcoder] [OK] ai-weather/node_modules/date-fns/fp/formatRFC3339.d.ts
[deepseekcoder] [OK] ai-weather/node_modules/date-fns/fp/previousMonday.d.ts
[deepseekcoder] [OK] ai-weather/node_modules/date-fns/fp/setMilliseconds.d.ts
[deepseekcoder] [OK] ai-weather/node_modules/date-fns/fp/set.js
[deepseekcoder] [OK] ai-weather/node_modules/date-fns/fp/isSameWeek.d.ts
[deepseekcoder] [OK] ai-weather/node_modules/date-fns/fp/eachMonthOfIntervalWithOptions.d.ts
[deepseekcoder] [OK] ai-weather/node_modules/date-fns/fp/subMonths.js
[deepseekcoder] [OK] ai-weather/node_modules/date-fns/fp/formatRFC3339WithOptions.d.ts
[deepseekcoder] [OK] ai-weather/node_modules/date-fns/fp/getWeekOfMonth.d.ts
[deepseekcoder] [OK] ai-weather/node_modules/date-fns/fp/isSaturday.js
[deepseekcoder] [OK] ai-weather/node_modules/date-fns/fp/previousMonday.js
[deepseekcoder] [OK] ai-weather/node_modules/date-fns/fp/secondsToMinutes.d.ts
[deepseekcoder] [OK] ai-weather/node_modules/date-fns/fp/format.d.ts
[deepseekcoder] [OK] ai-weather/node_modules/date-fns/fp/addDays.d.ts
[deepseekcoder] [OK] ai-weather/node_modules/date-fns/fp/eachWeekendOfYear.d.ts
[deepseekcoder] [OK] ai-weather/node_modules/date-fns/fp/roundToNearestMinutes.d.ts
[deepseekcoder] [OK] ai-weather/node_modules/date-fns/fp/interval.js
[deepseekcoder] [OK] ai-weather/node_modules/date-fns/fp/eachMonthOfInterval.js
[deepseekcoder] [OK] ai-weather/node_modules/date-fns/fp/formatDuration.js
[deepseekcoder] [OK] ai-weather/node_modules/date-fns/fp/differenceInMilliseconds.d.ts
[deepseekcoder] [OK] ai-weather/node_modules/date-fns/fp/subWeeks.d.ts
[deepseekcoder] [OK] ai-weather/node_modules/date-fns/fp/differenceInCalendarWeeksWithOptions.js
[deepseekcoder] [OK] ai-weather/node_modules/date-fns/fp/setWeekYearWithOptions.js
[deepseekcoder] [OK] ai-weather/node_modules/date-fns/fp/lightFormat.d.ts
[deepseekcoder] [OK] ai-weather/node_modules/date-fns/fp/setMonth.js
[deepseekcoder] [OK] ai-weather/node_modules/date-fns/fp/addQuarters.js
[deepseekcoder] [OK] ai-weather/node_modules/date-fns/fp/getWeeksInMonthWithOptions.js
[deepseekcoder] [OK] ai-weather/node_modules/date-fns/fp/formatISO.d.ts
[deepseekcoder] [OK] ai-weather/node_modules/date-fns/fp/intervalToDuration.js
[deepseekcoder] [OK] ai-weather/node_modules/date-fns/fp/differenceInYears.js
[deepseekcoder] [OK] ai-weather/node_modules/date-fns/fp/isLastDayOfMonth.d.ts
[deepseekcoder] [OK] ai-weather/node_modules/date-fns/fp/isEqual.d.ts
[deepseekcoder] [OK] ai-weather/node_modules/date-fns/fp/isSameMonth.d.ts
[deepseekcoder] [OK] ai-weather/node_modules/date-fns/fp/isMatch.d.ts
[deepseekcoder] [OK] ai-weather/node_modules/date-fns/fp/quartersToYears.js
[deepseekcoder] [OK] ai-weather/node_modules/date-fns/fp/formatDurationWithOptions.js
[deepseekcoder] [OK] ai-weather/node_modules/date-fns/fp/isSameISOWeekYear.js
[deepseekcoder] [OK] ai-weather/node_modules/date-fns/fp/startOfMinute.js
[deepseekcoder] [OK] ai-weather/node_modules/date-fns/fp/min.d.ts
[deepseekcoder] [OK] ai-weather/node_modules/date-fns/fp/eachDayOfIntervalWithOptions.d.ts
[deepseekcoder] [OK] ai-weather/node_modules/date-fns/fp/formatDuration.d.ts
[deepseekcoder] [OK] ai-weather/node_modules/date-fns/fp/lastDayOfYear.d.ts
[deepseekcoder] [OK] ai-weather/node_modules/date-fns/fp/isFriday.d.ts
[deepseekcoder] [OK] ai-weather/node_modules/date-fns/fp/nextFriday.js
[deepseekcoder] [OK] ai-weather/node_modules/date-fns/fp/formatDistanceStrict.d.ts
[deepseekcoder] [OK] ai-weather/node_modules/date-fns/fp/addISOWeekYears.d.ts
[deepseekcoder] [OK] ai-weather/node_modules/date-fns/fp/isLeapYear.d.ts
[deepseekcoder] [OK] ai-weather/node_modules/date-fns/fp/isSameQuarter.js
[deepseekcoder] [OK] ai-weather/node_modules/date-fns/fp/endOfQuarter.js
[deepseekcoder] [OK] ai-weather/node_modules/date-fns/fp/startOfSecond.d.ts
[deepseekcoder] [OK] ai-weather/node_modules/date-fns/fp/isThursday.d.ts
[deepseekcoder] [OK] ai-weather/node_modules/date-fns/fp/previousSaturday.d.ts
[deepseekcoder] [OK] ai-weather/node_modules/date-fns/fp/isSameSecond.d.ts
[deepseekcoder] [OK] ai-weather/node_modules/date-fns/fp/differenceInQuarters.js
[deepseekcoder] [OK] ai-weather/node_modules/date-fns/fp/lastDayOfWeek.js
[deepseekcoder] [OK] ai-weather/node_modules/date-fns/fp/isValid.d.ts
[deepseekcoder] [OK] ai-weather/node_modules/date-fns/fp/startOfWeekWithOptions.d.ts
[deepseekcoder] [OK] ai-weather/node_modules/date-fns/fp/setDayWithOptions.d.ts
[deepseekcoder] [OK] ai-weather/node_modules/date-fns/fp/eachMonthOfIntervalWithOptions.js
[deepseekcoder] [OK] ai-weather/node_modules/date-fns/fp/eachHourOfInterval.d.ts
[deepseekcoder] [OK] ai-weather/node_modules/date-fns/fp/startOfWeekYear.js
[deepseekcoder] [OK] ai-weather/node_modules/date-fns/fp/getISOWeekYear.js
[deepseekcoder] [OK] ai-weather/node_modules/date-fns/fp/sub.js
[deepseekcoder] [OK] ai-weather/node_modules/date-fns/fp/monthsToQuarters.js
[deepseekcoder] [OK] ai-weather/node_modules/date-fns/fp/setDayOfYear.js
[deepseekcoder] [OK] ai-weather/node_modules/date-fns/fp/differenceInYears.d.ts
[deepseekcoder] [OK] ai-weather/node_modules/date-fns/fp/quartersToMonths.js
[deepseekcoder] [OK] ai-weather/node_modules/date-fns/fp/subHours.js
[deepseekcoder] [OK] ai-weather/node_modules/date-fns/fp/isLeapYear.js
[deepseekcoder] [OK] ai-weather/node_modules/date-fns/fp/differenceInSecondsWithOptions.d.ts
[deepseekcoder] [OK] ai-weather/node_modules/date-fns/fp/getMilliseconds.d.ts
[deepseekcoder] [OK] ai-weather/node_modules/date-fns/fp/millisecondsToMinutes.d.ts
[deepseekcoder] [OK] ai-weather/node_modules/date-fns/fp/isFirstDayOfMonth.js
[deepseekcoder] [OK] ai-weather/node_modules/date-fns/fp/eachWeekendOfMonth.js
[deepseekcoder] [OK] ai-weather/node_modules/date-fns/fp/secondsToHours.d.ts
[deepseekcoder] [OK] ai-weather/node_modules/date-fns/fp/secondsToMinutes.js
[deepseekcoder] [OK] ai-weather/node_modules/date-fns/fp/isSameWeek.js
[deepseekcoder] [OK] ai-weather/node_modules/date-fns/fp/isSameSecond.js
[deepseekcoder] [OK] ai-weather/node_modules/date-fns/fp/nextSunday.js
[deepseekcoder] [OK] ai-weather/node_modules/date-fns/fp/differenceInCalendarISOWeeks.d.ts
[deepseekcoder] [OK] ai-weather/node_modules/date-fns/fp/subHours.d.ts
[deepseekcoder] [OK] ai-weather/node_modules/date-fns/fp/setDayOfYear.d.ts
[deepseekcoder] [OK] ai-weather/node_modules/date-fns/fp/differenceInWeeks.js
[deepseekcoder] [OK] ai-weather/node_modules/date-fns/fp/startOfISOWeek.js
[deepseekcoder] [OK] ai-weather/node_modules/date-fns/fp/quartersToYears.d.ts
[deepseekcoder] [OK] ai-weather/node_modules/date-fns/fp/isDate.d.ts
[deepseekcoder] [OK] ai-weather/node_modules/date-fns/fp/startOfYear.js
[deepseekcoder] [OK] ai-weather/node_modules/date-fns/fp/monthsToQuarters.d.ts
[deepseekcoder] [OK] ai-weather/node_modules/date-fns/fp/hoursToMinutes.d.ts
[deepseekcoder] [OK] ai-weather/node_modules/date-fns/fp/differenceInMinutesWithOptions.js
[deepseekcoder] [OK] ai-weather/node_modules/date-fns/fp/lastDayOfISOWeek.js
[deepseekcoder] [OK] ai-weather/node_modules/date-fns/fp/closestIndexTo.d.ts
[deepseekcoder] [OK] ai-weather/node_modules/date-fns/fp/intervalWithOptions.d.ts
[deepseekcoder] [OK] ai-weather/node_modules/date-fns/fp/fromUnixTime.d.ts
[deepseekcoder] [OK] ai-weather/node_modules/date-fns/fp/setYear.d.ts
[deepseekcoder] [OK] ai-weather/node_modules/date-fns/fp/eachMinuteOfInterval.js
[deepseekcoder] [OK] ai-weather/node_modules/date-fns/fp/isAfter.d.ts
[deepseekcoder] [OK] ai-weather/node_modules/date-fns/fp/isMonday.d.ts
[deepseekcoder] [OK] ai-weather/node_modules/date-fns/fp/previousTuesday.js
[deepseekcoder] [OK] ai-weather/node_modules/date-fns/fp/startOfMonth.d.ts
[deepseekcoder] [OK] ai-weather/node_modules/date-fns/fp/parseISOWithOptions.js
[deepseekcoder] [OK] ai-weather/node_modules/date-fns/fp/format.js
[deepseekcoder] [OK] ai-weather/node_modules/date-fns/fp/eachMonthOfInterval.d.ts
[deepseekcoder] [OK] ai-weather/node_modules/date-fns/fp/isSameYear.d.ts
[deepseekcoder] [OK] ai-weather/node_modules/date-fns/fp/getWeekWithOptions.d.ts
[deepseekcoder] [OK] ai-weather/node_modules/date-fns/fp/differenceInMinutes.js
[deepseekcoder] [OK] ai-weather/node_modules/date-fns/fp/parseISOWithOptions.d.ts
[deepseekcoder] [OK] ai-weather/node_modules/date-fns/fp/lastDayOfWeekWithOptions.js
[deepseekcoder] [OK] ai-weather/node_modules/date-fns/fp/previousDay.js
[deepseekcoder] [OK] ai-weather/node_modules/date-fns/fp/previousFriday.js
[deepseekcoder] [OK] ai-weather/node_modules/date-fns/fp/minutesToMilliseconds.d.ts
[deepseekcoder] [OK] ai-weather/node_modules/date-fns/fp/getOverlappingDaysInIntervals.d.ts
[deepseekcoder] [OK] ai-weather/node_modules/date-fns/fp/eachQuarterOfIntervalWithOptions.d.ts
[deepseekcoder] [OK] ai-weather/node_modules/date-fns/fp/yearsToQuarters.d.ts
[deepseekcoder] [OK] ai-weather/node_modules/date-fns/fp/startOfMinute.d.ts
[deepseekcoder] [OK] ai-weather/node_modules/date-fns/fp/getDaysInYear.d.ts
[deepseekcoder] [OK] ai-weather/node_modules/date-fns/fp/differenceInWeeks.d.ts
[deepseekcoder] [OK] ai-weather/node_modules/date-fns/fp/setWeek.d.ts
[deepseekcoder] [OK] ai-weather/node_modules/date-fns/fp/isWithinInterval.d.ts
[deepseekcoder] [OK] ai-weather/node_modules/date-fns/fp/setDate.d.ts
[deepseekcoder] [OK] ai-weather/node_modules/date-fns/fp/getWeekOfMonth.js
[deepseekcoder] [OK] ai-weather/node_modules/date-fns/fp/lastDayOfISOWeek.d.ts
[deepseekcoder] [OK] ai-weather/node_modules/date-fns/fp/eachMinuteOfInterval.d.ts
[deepseekcoder] [OK] ai-weather/node_modules/date-fns/fp/addSeconds.js
[deepseekcoder] [OK] ai-weather/node_modules/date-fns/fp/millisecondsToSeconds.js
[deepseekcoder] [OK] ai-weather/node_modules/date-fns/fp/previousWednesday.js
[deepseekcoder] [OK] ai-weather/node_modules/date-fns/fp/minutesToSeconds.d.ts
[deepseekcoder] [OK] ai-weather/node_modules/date-fns/fp/startOfISOWeek.d.ts
[deepseekcoder] [OK] ai-weather/node_modules/date-fns/fp/getWeekYearWithOptions.d.ts
[deepseekcoder] [OK] ai-weather/node_modules/date-fns/fp/formatRelative.d.ts
[deepseekcoder] [OK] ai-weather/node_modules/date-fns/fp/parseWithOptions.js
[deepseekcoder] [OK] ai-weather/node_modules/date-fns/fp/getOverlappingDaysInIntervals.js
[deepseekcoder] [OK] ai-weather/node_modules/date-fns/fp/toDate.js
[deepseekcoder] [OK] ai-weather/node_modules/date-fns/fp/subYears.d.ts
[deepseekcoder] [OK] ai-weather/node_modules/date-fns/fp/startOfYear.d.ts
[deepseekcoder] [OK] ai-weather/node_modules/date-fns/fp/parseJSON.js
[deepseekcoder] [OK] ai-weather/node_modules/date-fns/fp/eachWeekOfInterval.js
[deepseekcoder] [OK] ai-weather/node_modules/date-fns/fp/lastDayOfQuarter.js
[deepseekcoder] [OK] ai-weather/node_modules/date-fns/fp/getWeeksInMonthWithOptions.d.ts
[deepseekcoder] [OK] ai-weather/node_modules/date-fns/fp/eachQuarterOfInterval.d.ts
[deepseekcoder] [OK] ai-weather/node_modules/date-fns/fp/parseJSON.d.ts
[deepseekcoder] [OK] ai-weather/node_modules/date-fns/fp/setMonth.d.ts
[deepseekcoder] [OK] ai-weather/node_modules/date-fns/fp/endOfYear.d.ts
[deepseekcoder] [OK] ai-weather/node_modules/date-fns/fp/endOfYear.js
[deepseekcoder] [OK] ai-weather/node_modules/date-fns/fp/differenceInHoursWithOptions.d.ts
[deepseekcoder] [OK] ai-weather/node_modules/date-fns/fp/startOfMonth.js
[deepseekcoder] [OK] ai-weather/node_modules/date-fns/fp/differenceInDays.js
[deepseekcoder] [OK] ai-weather/node_modules/date-fns/fp/differenceInBusinessDays.js
[deepseekcoder] [OK] ai-weather/node_modules/date-fns/fp/addISOWeekYears.js
[deepseekcoder] [OK] ai-weather/node_modules/date-fns/fp/endOfWeekWithOptions.js
[deepseekcoder] [OK] ai-weather/node_modules/date-fns/fp/compareAsc.js
[deepseekcoder] [OK] ai-weather/node_modules/date-fns/fp/eachYearOfIntervalWithOptions.js
[deepseekcoder] [OK] ai-weather/node_modules/date-fns/fp/differenceInCalendarQuarters.js
[deepseekcoder] [OK] ai-weather/node_modules/date-fns/fp/setHours.d.ts
[deepseekcoder] [OK] ai-weather/node_modules/date-fns/fp/differenceInCalendarWeeksWithOptions.d.ts
[deepseekcoder] [OK] ai-weather/node_modules/date-fns/fp/set.d.ts
[deepseekcoder] [OK] ai-weather/node_modules/date-fns/fp/previousSaturday.js
[deepseekcoder] [OK] ai-weather/node_modules/date-fns/fp/formatISO9075WithOptions.js
[deepseekcoder] [OK] ai-weather/node_modules/date-fns/fp/formatISO.js
[deepseekcoder] [OK] ai-weather/node_modules/date-fns/fp/getISOWeekYear.d.ts
[deepseekcoder] [OK] ai-weather/node_modules/date-fns/fp/eachYearOfInterval.d.ts
[deepseekcoder] [OK] ai-weather/node_modules/date-fns/fp/startOfQuarter.d.ts
[deepseekcoder] [OK] ai-weather/node_modules/date-fns/fp/weeksToDays.js
[deepseekcoder] [OK] ai-weather/node_modules/date-fns/fp/formatDistance.d.ts
[deepseekcoder] [OK] ai-weather/node_modules/date-fns/fp/getWeeksInMonth.d.ts
[deepseekcoder] [OK] ai-weather/node_modules/date-fns/fp/formatWithOptions.d.ts
[deepseekcoder] [OK] ai-weather/node_modules/date-fns/fp/addSeconds.d.ts
[deepseekcoder] [OK] ai-weather/node_modules/date-fns/fp/getISODay.js
[deepseekcoder] [OK] ai-weather/node_modules/date-fns/fp/formatDistanceStrict.js
[deepseekcoder] [OK] ai-weather/node_modules/date-fns/fp/isThursday.js
[deepseekcoder] [OK] ai-weather/node_modules/date-fns/fp/isSameHour.d.ts
[deepseekcoder] [OK] ai-weather/node_modules/date-fns/fp/addDays.js
[deepseekcoder] [OK] ai-weather/node_modules/date-fns/fp/differenceInSeconds.js
[deepseekcoder] [OK] ai-weather/node_modules/date-fns/fp/subWeeks.js
[deepseekcoder] [OK] ai-weather/node_modules/date-fns/fp/millisecondsToSeconds.d.ts
[deepseekcoder] [OK] ai-weather/node_modules/date-fns/fp/parse.d.ts
[deepseekcoder] [OK] ai-weather/node_modules/date-fns/fp/endOfWeek.js
[deepseekcoder] [OK] ai-weather/node_modules/date-fns/fp/milliseconds.d.ts
[deepseekcoder] [OK] ai-weather/node_modules/date-fns/fp/setWeekYearWithOptions.d.ts
[deepseekcoder] [OK] ai-weather/node_modules/date-fns/fp/setMinutes.d.ts
[deepseekcoder] [OK] ai-weather/node_modules/date-fns/fp/setDay.d.ts
[deepseekcoder] [OK] ai-weather/node_modules/date-fns/fp/differenceInWeeksWithOptions.js
[deepseekcoder] [OK] ai-weather/node_modules/date-fns/fp/getISOWeeksInYear.d.ts
[deepseekcoder] [OK] ai-weather/node_modules/date-fns/fp/yearsToDays.d.ts
[deepseekcoder] [OK] ai-weather/node_modules/date-fns/fp/formatRFC3339WithOptions.js
[deepseekcoder] [OK] ai-weather/node_modules/date-fns/fp/differenceInMinutes.d.ts
[deepseekcoder] [OK] ai-weather/node_modules/date-fns/fp/monthsToYears.js
[deepseekcoder] [OK] ai-weather/node_modules/date-fns/fp/differenceInCalendarYears.d.ts
[deepseekcoder] [OK] ai-weather/node_modules/date-fns/fp/isSameISOWeek.js
[deepseekcoder] [OK] ai-weather/node_modules/date-fns/fp/previousSunday.d.ts
[deepseekcoder] [OK] ai-weather/node_modules/date-fns/fp/subMonths.d.ts
[deepseekcoder] [OK] ai-weather/node_modules/date-fns/fp/isDate.js
[deepseekcoder] [OK] ai-weather/node_modules/date-fns/fp/subMinutes.js
[deepseekcoder] [OK] ai-weather/node_modules/date-fns/fp/addMinutes.js
[deepseekcoder] [OK] ai-weather/node_modules/date-fns/fp/differenceInCalendarMonths.js
[deepseekcoder] [OK] ai-weather/node_modules/date-fns/fp/eachQuarterOfInterval.js
[deepseekcoder] [OK] ai-weather/node_modules/date-fns/fp/getISOWeek.d.ts
[deepseekcoder] [OK] ai-weather/node_modules/date-fns/fp/startOfHour.d.ts
[deepseekcoder] [OK] ai-weather/node_modules/date-fns/fp/nextThursday.d.ts
[deepseekcoder] [OK] ai-weather/node_modules/date-fns/fp/yearsToMonths.js
[deepseekcoder] [OK] ai-weather/node_modules/date-fns/fp/types.d.ts
[deepseekcoder] [OK] ai-weather/node_modules/date-fns/fp/isSameMonth.js
[deepseekcoder] [OK] ai-weather/node_modules/date-fns/fp/endOfISOWeekYear.d.ts
[deepseekcoder] [OK] ai-weather/node_modules/date-fns/fp/subBusinessDays.js
[deepseekcoder] [OK] ai-weather/node_modules/date-fns/fp/isWeekend.d.ts
[deepseekcoder] [OK] ai-weather/node_modules/date-fns/fp/eachWeekOfIntervalWithOptions.js
[deepseekcoder] [OK] ai-weather/node_modules/date-fns/fp/getDayOfYear.d.ts
[deepseekcoder] [OK] ai-weather/node_modules/date-fns/fp/setISODay.d.ts
[deepseekcoder] [OK] ai-weather/node_modules/date-fns/fp/formatDistanceStrictWithOptions.js
[deepseekcoder] [OK] ai-weather/node_modules/date-fns/fp/lastDayOfMonth.d.ts
[deepseekcoder] [OK] ai-weather/node_modules/date-fns/fp/getWeekOfMonthWithOptions.js
[deepseekcoder] [OK] ai-weather/node_modules/date-fns/fp/eachWeekOfIntervalWithOptions.d.ts
[deepseekcoder] [OK] ai-weather/node_modules/date-fns/fp/closestIndexTo.js
[deepseekcoder] [OK] ai-weather/node_modules/date-fns/fp/getYear.d.ts
[deepseekcoder] [OK] ai-weather/node_modules/date-fns/fp/parseISO.js
[deepseekcoder] [OK] ai-weather/node_modules/date-fns/fp/addMilliseconds.d.ts
[deepseekcoder] [OK] ai-weather/node_modules/date-fns/fp/setDay.js
[deepseekcoder] [OK] ai-weather/node_modules/date-fns/fp/compareAsc.d.ts
[deepseekcoder] [OK] ai-weather/node_modules/date-fns/fp/setQuarter.d.ts
[deepseekcoder] [OK] ai-weather/node_modules/date-fns/fp/hoursToMinutes.js
[deepseekcoder] [OK] ai-weather/node_modules/date-fns/fp/differenceInHoursWithOptions.js
[deepseekcoder] [OK] ai-weather/node_modules/date-fns/fp/differenceInCalendarISOWeeks.js
[deepseekcoder] [OK] ai-weather/node_modules/date-fns/fp/formatRFC7231.js
[deepseekcoder] [OK] ai-weather/node_modules/date-fns/fp/addMonths.d.ts
[deepseekcoder] [OK] ai-weather/node_modules/date-fns/fp/clamp.d.ts
[deepseekcoder] [OK] ai-weather/node_modules/date-fns/fp/isWednesday.js
[deepseekcoder] [OK] ai-weather/node_modules/date-fns/fp/nextTuesday.d.ts
[deepseekcoder] [OK] ai-weather/node_modules/date-fns/fp/setMilliseconds.js
[deepseekcoder] [OK] ai-weather/node_modules/date-fns/fp/isSameMinute.js
[deepseekcoder] [OK] ai-weather/node_modules/date-fns/fp/formatISO9075.d.ts
[deepseekcoder] [OK] ai-weather/node_modules/date-fns/fp/formatISOWithOptions.d.ts
[deepseekcoder] [OK] ai-weather/node_modules/date-fns/fp/isSameISOWeek.d.ts
[deepseekcoder] [OK] ai-weather/node_modules/date-fns/fp/differenceInCalendarWeeks.d.ts
[deepseekcoder] [OK] ai-weather/node_modules/date-fns/fp/previousThursday.js
[deepseekcoder] [OK] ai-weather/node_modules/date-fns/fp/getYear.js
[deepseekcoder] [OK] ai-weather/node_modules/date-fns/fp/millisecondsToHours.d.ts
[deepseekcoder] [OK] ai-weather/node_modules/date-fns/fp/startOfDecade.d.ts
[deepseekcoder] [OK] ai-weather/node_modules/date-fns/fp/eachYearOfInterval.js
[deepseekcoder] [OK] ai-weather/node_modules/date-fns/fp/formatDistanceStrictWithOptions.d.ts
[deepseekcoder] [OK] ai-weather/node_modules/date-fns/fp/formatWithOptions.js
[deepseekcoder] [OK] ai-weather/node_modules/date-fns/fp/formatRFC7231.d.ts
[deepseekcoder] [OK] ai-weather/node_modules/date-fns/fp/setDayWithOptions.js
[deepseekcoder] [OK] ai-weather/node_modules/date-fns/fp/differenceInCalendarISOWeekYears.js
[deepseekcoder] [OK] ai-weather/node_modules/date-fns/fp/eachWeekOfInterval.d.ts
[deepseekcoder] [OK] ai-weather/node_modules/date-fns/fp/endOfMonth.js
[deepseekcoder] [OK] ai-weather/node_modules/date-fns/fp/nextWednesday.js
[deepseekcoder] [OK] ai-weather/node_modules/date-fns/fp/parseWithOptions.d.ts
[deepseekcoder] [OK] ai-weather/node_modules/date-fns/fp/secondsToMilliseconds.js
[deepseekcoder] [OK] ai-weather/node_modules/date-fns/fp/areIntervalsOverlappingWithOptions.d.ts
[deepseekcoder] [OK] ai-weather/node_modules/date-fns/fp/eachYearOfIntervalWithOptions.d.ts
[deepseekcoder] [OK] ai-weather/node_modules/date-fns/fp/startOfWeek.js
[deepseekcoder] [OK] ai-weather/node_modules/date-fns/fp/getSeconds.js
[deepseekcoder] [OK] ai-weather/node_modules/date-fns/fp/max.js
[deepseekcoder] [OK] ai-weather/node_modules/date-fns/fp/addYears.d.ts
[deepseekcoder] [OK] ai-weather/node_modules/date-fns/fp/startOfWeekYearWithOptions.js
[deepseekcoder] [OK] ai-weather/node_modules/date-fns/fp/transpose.d.ts
[deepseekcoder] [OK] ai-weather/node_modules/date-fns/fp/setWeekYear.d.ts
[deepseekcoder] [OK] ai-weather/node_modules/date-fns/fp/getWeeksInMonth.js
[deepseekcoder] [OK] ai-weather/node_modules/date-fns/fp/subDays.d.ts
[deepseekcoder] [OK] ai-weather/node_modules/date-fns/fp/roundToNearestMinutesWithOptions.js
[deepseekcoder] [OK] ai-weather/node_modules/date-fns/fp/lightFormat.js
[deepseekcoder] [OK] ai-weather/node_modules/date-fns/fp/startOfWeek.d.ts
[deepseekcoder] [OK] ai-weather/node_modules/date-fns/fp/startOfDay.js
[deepseekcoder] [OK] ai-weather/node_modules/date-fns/fp/isEqual.js
[deepseekcoder] [OK] ai-weather/node_modules/date-fns/fp/isSameHour.js
[deepseekcoder] [OK] ai-weather/node_modules/date-fns/fp/lastDayOfISOWeekYear.js
[deepseekcoder] [OK] ai-weather/node_modules/date-fns/fp/isSaturday.d.ts
[deepseekcoder] [OK] ai-weather/node_modules/date-fns/fp/intlFormat.js
[deepseekcoder] [OK] ai-weather/node_modules/date-fns/fp/endOfHour.js
[deepseekcoder] [OK] ai-weather/node_modules/date-fns/fp/minutesToHours.js
[deepseekcoder] [OK] ai-weather/node_modules/date-fns/fp/intlFormatDistance.d.ts
[deepseekcoder] [OK] ai-weather/node_modules/date-fns/fp/addBusinessDays.d.ts
[deepseekcoder] [OK] ai-weather/node_modules/date-fns/fp/yearsToQuarters.js
[deepseekcoder] [OK] ai-weather/node_modules/date-fns/fp/endOfISOWeek.js
[deepseekcoder] [OK] ai-weather/node_modules/date-fns/fp/millisecondsToHours.js
[deepseekcoder] [OK] ai-weather/node_modules/date-fns/fp/differenceInISOWeekYears.js
[deepseekcoder] [OK] ai-weather/node_modules/date-fns/fp/differenceInCalendarYears.js
[deepseekcoder] [OK] ai-weather/node_modules/date-fns/fp/previousThursday.d.ts
[deepseekcoder] [OK] ai-weather/node_modules/date-fns/fp/endOfQuarter.d.ts
[deepseekcoder] [OK] ai-weather/node_modules/date-fns/fp/isExists.d.ts
[deepseekcoder] [OK] ai-weather/node_modules/date-fns/fp/getTime.js
[deepseekcoder] [OK] ai-weather/node_modules/date-fns/fp/isSameDay.d.ts
[deepseekcoder] [OK] ai-weather/node_modules/date-fns/fp/areIntervalsOverlapping.js
[deepseekcoder] [OK] ai-weather/node_modules/date-fns/fp/endOfHour.d.ts
[deepseekcoder] [OK] ai-weather/node_modules/date-fns/fp/getSeconds.d.ts
[deepseekcoder] [OK] ai-weather/node_modules/date-fns/fp/lastDayOfQuarter.d.ts
[deepseekcoder] [OK] ai-weather/node_modules/date-fns/fp/lastDayOfISOWeekYear.d.ts
[deepseekcoder] [OK] ai-weather/node_modules/date-fns/fp/differenceInMinutesWithOptions.d.ts
[deepseekcoder] [OK] ai-weather/node_modules/date-fns/fp/milliseconds.js
[deepseekcoder] [OK] ai-weather/node_modules/date-fns/fp/endOfWeek.d.ts
[deepseekcoder] [OK] ai-weather/node_modules/date-fns/fp/addMinutes.d.ts
[deepseekcoder] [OK] ai-weather/node_modules/date-fns/fp/isSameYear.js
[deepseekcoder] [OK] ai-weather/node_modules/date-fns/fp/monthsToYears.d.ts
[deepseekcoder] [OK] ai-weather/node_modules/date-fns/fp/endOfWeekWithOptions.d.ts
[deepseekcoder] [OK] ai-weather/node_modules/date-fns/fp/isBefore.d.ts
[deepseekcoder] [OK] ai-weather/node_modules/date-fns/fp/setMinutes.js
[deepseekcoder] [OK] ai-weather/node_modules/date-fns/fp/setISOWeekYear.js
[deepseekcoder] [OK] ai-weather/node_modules/date-fns/fp/getDaysInMonth.js
[deepseekcoder] [OK] ai-weather/node_modules/date-fns/fp/startOfDecade.js
[deepseekcoder] [OK] ai-weather/node_modules/date-fns/fp/setDate.js
[deepseekcoder] [OK] ai-weather/node_modules/date-fns/fp/secondsToMilliseconds.d.ts
[deepseekcoder] [OK] ai-weather/node_modules/date-fns/fp/subYears.js
[deepseekcoder] [OK] ai-weather/node_modules/date-fns/fp/nextFriday.d.ts
[deepseekcoder] [OK] ai-weather/node_modules/date-fns/fp/getMilliseconds.js
[deepseekcoder] [OK] ai-weather/node_modules/date-fns/fp/differenceInSecondsWithOptions.js
[deepseekcoder] [OK] ai-weather/node_modules/date-fns/fp/eachWeekendOfInterval.d.ts
[deepseekcoder] [OK] ai-weather/node_modules/date-fns/fp/getDecade.d.ts
[deepseekcoder] [OK] ai-weather/node_modules/date-fns/fp/getMinutes.js
[deepseekcoder] [OK] ai-weather/node_modules/date-fns/fp/startOfWeekWithOptions.js
[deepseekcoder] [OK] ai-weather/node_modules/date-fns/fp/endOfISOWeek.d.ts
[deepseekcoder] [OK] ai-weather/node_modules/date-fns/fp/min.js
[deepseekcoder] [OK] ai-weather/node_modules/date-fns/fp/subISOWeekYears.d.ts
[deepseekcoder] [OK] ai-weather/node_modules/date-fns/fp/subQuarters.d.ts
[deepseekcoder] [OK] ai-weather/node_modules/date-fns/fp/getISOWeek.js
[deepseekcoder] [OK] ai-weather/node_modules/date-fns/fp/hoursToMilliseconds.d.ts
[deepseekcoder] [OK] ai-weather/node_modules/date-fns/fp/isWeekend.js
[deepseekcoder] [OK] ai-weather/node_modules/date-fns/fp/max.d.ts
[deepseekcoder] [OK] ai-weather/node_modules/date-fns/fp/setSeconds.js
[deepseekcoder] [OK] ai-weather/node_modules/date-fns/fp/isMatchWithOptions.js
[deepseekcoder] [OK] ai-weather/node_modules/date-fns/fp/getMonth.js
[deepseekcoder] [OK] ai-weather/node_modules/date-fns/fp/isExists.js
[deepseekcoder] [OK] ai-weather/node_modules/date-fns/fp/endOfDecade.d.ts
[deepseekcoder] [OK] ai-weather/node_modules/date-fns/fp/isSameWeekWithOptions.d.ts
[deepseekcoder] [OK] ai-weather/node_modules/date-fns/fp/previousTuesday.d.ts
[deepseekcoder] [OK] ai-weather/node_modules/date-fns/fp/setISOWeek.d.ts
[deepseekcoder] [OK] ai-weather/node_modules/date-fns/fp/isAfter.js
[deepseekcoder] [OK] ai-weather/node_modules/date-fns/fp/addMilliseconds.js
[deepseekcoder] [OK] ai-weather/node_modules/date-fns/fp/isBefore.js
[deepseekcoder] [OK] ai-weather/node_modules/date-fns/fp/eachDayOfInterval.js
[deepseekcoder] [OK] ai-weather/node_modules/date-fns/fp/getDay.js
[deepseekcoder] [OK] ai-weather/node_modules/date-fns/fp/differenceInHours.js
[deepseekcoder] [OK] ai-weather/node_modules/date-fns/fp/isMonday.js
[deepseekcoder] [OK] ai-weather/node_modules/date-fns/fp/nextSaturday.js
[deepseekcoder] [OK] ai-weather/node_modules/date-fns/fp/interval.d.ts
[deepseekcoder] [OK] ai-weather/node_modules/date-fns/fp/previousWednesday.d.ts
[deepseekcoder] [OK] ai-weather/node_modules/date-fns/fp/endOfMonth.d.ts
[deepseekcoder] [OK] ai-weather/node_modules/date-fns/fp/isSameQuarter.d.ts
[deepseekcoder] [OK] ai-weather/node_modules/date-fns/fp/formatRelativeWithOptions.js
[deepseekcoder] [OK] ai-weather/node_modules/date-fns/fp/eachMinuteOfIntervalWithOptions.d.ts
[deepseekcoder] [OK] ai-weather/node_modules/date-fns/fp/addBusinessDays.js
[deepseekcoder] [OK] ai-weather/node_modules/date-fns/fp/areIntervalsOverlappingWithOptions.js
[deepseekcoder] [OK] ai-weather/node_modules/date-fns/fp/closestTo.d.ts
[deepseekcoder] [OK] ai-weather/node_modules/date-fns/fp/endOfSecond.d.ts
[deepseekcoder] [OK] ai-weather/node_modules/date-fns/fp/getWeekOfMonthWithOptions.d.ts
[deepseekcoder] [OK] ai-weather/node_modules/date-fns/fp/subSeconds.js
[deepseekcoder] [OK] ai-weather/node_modules/date-fns/fp/add.d.ts
[deepseekcoder] [OK] ai-weather/node_modules/date-fns/fp/differenceInCalendarWeeks.js
[deepseekcoder] [OK] ai-weather/node_modules/date-fns/fp/addQuarters.d.ts
[deepseekcoder] [OK] ai-weather/node_modules/date-fns/fp/eachWeekendOfMonth.d.ts
[deepseekcoder] [OK] ai-weather/node_modules/date-fns/fp/differenceInQuartersWithOptions.js
[deepseekcoder] [OK] ai-weather/node_modules/date-fns/fp/isFirstDayOfMonth.d.ts
[deepseekcoder] [OK] ai-weather/node_modules/date-fns/fp/getDaysInMonth.d.ts
[deepseekcoder] [OK] ai-weather/node_modules/date-fns/fp/subMinutes.d.ts
[deepseekcoder] [OK] ai-weather/node_modules/date-fns/fp/differenceInQuartersWithOptions.d.ts
[deepseekcoder] [OK] ai-weather/node_modules/date-fns/fp/transpose.js
[deepseekcoder] [OK] ai-weather/node_modules/date-fns/fp/subISOWeekYears.js
[deepseekcoder] [OK] ai-weather/node_modules/date-fns/fp/lastDayOfMonth.js
[deepseekcoder] [OK] ai-weather/node_modules/date-fns/fp/minutesToSeconds.js
[deepseekcoder] [OK] ai-weather/node_modules/date-fns/fp/differenceInMonths.d.ts
[deepseekcoder] [OK] ai-weather/node_modules/date-fns/fp/endOfDecade.js
[deepseekcoder] [OK] ai-weather/node_modules/date-fns/fp/addHours.d.ts
[deepseekcoder] [OK] ai-weather/node_modules/date-fns/fp/formatRelative.js
[deepseekcoder] [OK] ai-weather/node_modules/date-fns/fp/formatISO9075.js
[deepseekcoder] [OK] ai-weather/node_modules/date-fns/fp/secondsToHours.js
[deepseekcoder] [OK] ai-weather/node_modules/date-fns/fp/startOfHour.js
[deepseekcoder] [OK] ai-weather/node_modules/date-fns/fp/setISOWeek.js
[deepseekcoder] [OK] ai-weather/node_modules/date-fns/fp/intlFormatDistanceWithOptions.js
[deepseekcoder] [OK] ai-weather/node_modules/date-fns/fp/startOfISOWeekYear.js
[deepseekcoder] [OK] ai-weather/node_modules/date-fns/fp/differenceInMilliseconds.js
[deepseekcoder] [OK] ai-weather/node_modules/date-fns/fp/differenceInBusinessDays.d.ts
[deepseekcoder] [OK] ai-weather/node_modules/date-fns/fp/weeksToDays.d.ts
[deepseekcoder] [OK] ai-weather/node_modules/date-fns/fp/setHours.js
[deepseekcoder] [OK] ai-weather/node_modules/date-fns/fp/getUnixTime.d.ts
[deepseekcoder] [OK] ai-weather/node_modules/date-fns/fp/getDayOfYear.js
[deepseekcoder] [OK] ai-weather/node_modules/date-fns/fp/isFriday.js
[deepseekcoder] [OK] ai-weather/node_modules/date-fns/fp/isMatch.js
[deepseekcoder] [OK] ai-weather/node_modules/date-fns/fp/nextThursday.js
[deepseekcoder] [OK] ai-weather/node_modules/date-fns/fp/eachMinuteOfIntervalWithOptions.js
[deepseekcoder] [OK] ai-weather/node_modules/date-fns/fp/differenceInCalendarDays.js
[deepseekcoder] [OK] ai-weather/node_modules/date-fns/fp/addMonths.js
[deepseekcoder] [OK] ai-weather/node_modules/date-fns/fp/endOfISOWeekYear.js
[deepseekcoder] [OK] ai-weather/node_modules/date-fns/fp/formatISODuration.d.ts
[deepseekcoder] [OK] ai-weather/node_modules/date-fns/fp/daysToWeeks.js
[deepseekcoder] [OK] ai-weather/node_modules/date-fns/fp/intlFormatDistanceWithOptions.d.ts
[deepseekcoder] [OK] ai-weather/node_modules/date-fns/fp/getWeekYearWithOptions.js
[deepseekcoder] [OK] ai-weather/node_modules/date-fns/fp/differenceInHours.d.ts
[deepseekcoder] [OK] ai-weather/node_modules/date-fns/fp/nextDay.js
[deepseekcoder] [OK] ai-weather/node_modules/date-fns/fp/previousDay.d.ts
[deepseekcoder] [OK] ai-weather/node_modules/date-fns/fp/getISOWeeksInYear.js
[deepseekcoder] [OK] ai-weather/node_modules/date-fns/fp/lastDayOfDecade.js
[deepseekcoder] [OK] ai-weather/node_modules/date-fns/fp/subMilliseconds.d.ts
[deepseekcoder] [OK] ai-weather/node_modules/date-fns/fp/formatRelativeWithOptions.d.ts
[deepseekcoder] [OK] ai-weather/node_modules/date-fns/fp/parse.js
[deepseekcoder] [OK] ai-weather/node_modules/date-fns/fp/isMatchWithOptions.d.ts
[deepseekcoder] [OK] ai-weather/node_modules/date-fns/fp/isValid.js
[deepseekcoder] [OK] ai-weather/node_modules/date-fns/fp/isSameISOWeekYear.d.ts
[deepseekcoder] [OK] ai-weather/node_modules/date-fns/fp/isTuesday.d.ts
[deepseekcoder] [OK] ai-weather/node_modules/date-fns/fp/setWeekWithOptions.js
[deepseekcoder] [OK] ai-weather/node_modules/date-fns/fp/differenceInMonths.js
[deepseekcoder] [OK] ai-weather/node_modules/date-fns/fp/formatISOWithOptions.js
[deepseekcoder] [OK] ai-weather/node_modules/date-fns/fp/isWithinInterval.js
[deepseekcoder] [OK] ai-weather/node_modules/date-fns/fp/eachHourOfIntervalWithOptions.js
[deepseekcoder] [OK] ai-weather/node_modules/date-fns/fp/startOfQuarter.js
[deepseekcoder] [OK] ai-weather/node_modules/date-fns/fp/getUnixTime.js
[deepseekcoder] [OK] ai-weather/node_modules/date-fns/fp/areIntervalsOverlapping.d.ts
[deepseekcoder] [OK] ai-weather/node_modules/date-fns/fp/previousSunday.js
[deepseekcoder] [OK] ai-weather/node_modules/date-fns/fp/getHours.js
[deepseekcoder] [OK] ai-weather/node_modules/date-fns/fp/constructFrom.js
[deepseekcoder] [OK] ai-weather/node_modules/date-fns/fp/differenceInWeeksWithOptions.d.ts
[deepseekcoder] [OK] ai-weather/node_modules/date-fns/fp/setYear.js
[deepseekcoder] [OK] ai-weather/node_modules/date-fns/fp/formatDistanceWithOptions.d.ts
[deepseekcoder] [OK] ai-weather/node_modules/date-fns/fp/formatRFC3339.js
[deepseekcoder] [OK] ai-weather/node_modules/date-fns/fp/getMonth.d.ts
[deepseekcoder] [OK] ai-weather/node_modules/date-fns/fp/isSunday.d.ts
[deepseekcoder] [OK] ai-weather/node_modules/date-fns/fp/roundToNearestMinutes.js
[deepseekcoder] [OK] ai-weather/node_modules/date-fns/fp/nextDay.d.ts
[deepseekcoder] [OK] ai-weather/node_modules/date-fns/fp/setWeekWithOptions.d.ts
[deepseekcoder] [OK] ai-weather/node_modules/date-fns/fp/getDate.d.ts
[deepseekcoder] [OK] ai-weather/node_modules/date-fns/fp/setSeconds.d.ts
[deepseekcoder] [OK] ai-weather/node_modules/date-fns/fp/_lib/convertToFP.js
[deepseekcoder] [OK] ai-weather/node_modules/date-fns/_lib/defaultLocale.d.ts
[deepseekcoder] [OK] ai-weather/node_modules/date-fns/fp/_lib/convertToFP.d.ts
[deepseekcoder] [OK] ai-weather/node_modules/date-fns/_lib/defaultOptions.d.ts
[deepseekcoder] [OK] ai-weather/node_modules/date-fns/_lib/getTimezoneOffsetInMilliseconds.js
[deepseekcoder] [OK] ai-weather/node_modules/date-fns/_lib/addLeadingZeros.js
[deepseekcoder] [OK] ai-weather/node_modules/date-fns/_lib/addLeadingZeros.d.ts
[deepseekcoder] [OK] ai-weather/node_modules/date-fns/_lib/protectedTokens.d.ts
[deepseekcoder] [OK] ai-weather/node_modules/date-fns/_lib/protectedTokens.js
[deepseekcoder] [OK] ai-weather/node_modules/date-fns/_lib/defaultOptions.js
[deepseekcoder] [OK] ai-weather/node_modules/date-fns/_lib/getRoundingMethod.d.ts
[deepseekcoder] [OK] ai-weather/node_modules/date-fns/_lib/test.d.ts
[deepseekcoder] [OK] ai-weather/node_modules/date-fns/_lib/defaultLocale.js
[deepseekcoder] [OK] ai-weather/node_modules/date-fns/_lib/getRoundingMethod.js
[deepseekcoder] [OK] ai-weather/node_modules/date-fns/_lib/test.js
[deepseekcoder] [OK] ai-weather/node_modules/date-fns/_lib/format/longFormatters.d.ts
[deepseekcoder] [OK] ai-weather/node_modules/date-fns/_lib/getTimezoneOffsetInMilliseconds.d.ts
[deepseekcoder] [OK] ai-weather/node_modules/date-fns/_lib/format/lightFormatters.js
[deepseekcoder] [OK] ai-weather/node_modules/date-fns/_lib/format/lightFormatters.d.ts
[deepseekcoder] [OK] ai-weather/node_modules/date-fns/_lib/format/formatters.d.ts
[deepseekcoder] [OK] ai-weather/node_modules/date-fns/_lib/format/formatters.js
[deepseekcoder] [OK] ai-weather/node_modules/color-convert/index.js
[deepseekcoder] [OK] ai-weather/node_modules/color-convert/conversions.js
[deepseekcoder] [OK] ai-weather/node_modules/color-convert/README.md
[deepseekcoder] [OK] ai-weather/node_modules/color-convert/CHANGELOG.md
[deepseekcoder] [OK] ai-weather/node_modules/color-convert/package.json
[deepseekcoder] [OK] ai-weather/node_modules/date-fns/_lib/format/longFormatters.js
[deepseekcoder] [OK] ai-weather/node_modules/escape-string-regexp/readme.md
[deepseekcoder] [OK] ai-weather/node_modules/escape-string-regexp/index.js
[deepseekcoder] [OK] ai-weather/node_modules/escape-string-regexp/package.json
[deepseekcoder] [OK] ai-weather/node_modules/xml2js/README.md
[deepseekcoder] [OK] ai-weather/node_modules/xml2js/package.json
[deepseekcoder] [OK] ai-weather/node_modules/color-convert/route.js
[deepseekcoder] [OK] ai-weather/node_modules/xml2js/lib/defaults.js
[deepseekcoder] [OK] ai-weather/node_modules/xml2js/lib/builder.js
[deepseekcoder] [OK] ai-weather/node_modules/xml2js/lib/xml2js.js
[deepseekcoder] [OK] ai-weather/node_modules/xml2js/lib/parser.js
[deepseekcoder] [OK] ai-weather/node_modules/xml2js/lib/processors.js
[deepseekcoder] [OK] ai-weather/node_modules/xml2js/lib/bom.js
[deepseekcoder] [OK] ai-weather/node_modules/xml2js/lib/xml2js.bc.js
[deepseekcoder] [OK] src/homepage_with_login.html
[deepseekcoder] [OK] src/projects_page.html
[deepseekcoder] [OK] src/skills-page.html
[deepseekcoder] [OK] src/python_editor-linter.html
[deepseekcoder] [OK] src/index.html
[deepseekcoder] [OK] src/resume.html
[deepseekcoder] [OK] src/projects.html
[deepseekcoder] [OK] src/ai.html
[deepseekcoder] [OK] src/contact_page.html
[deepseekcoder] [OK] src/html-weather-project/weather_page.html
[deepseekcoder] [OK] src/html-weather-project/system_management_page.html
[deepseekcoder] [OK] src/blogging_website.html
[deepseekcoder] [OK] src/html-weather-project/ai_assistant_page.html
[deepseekcoder] [OK] src/html-weather-project/plant_management.html
[deepseekcoder] [OK] src/html-weather-project/main_dashboard.html
[deepseekcoder] [OK] python-backend/requirements.txt
[deepseekcoder] [OK] python-backend/backend.py
[deepseekcoder] [OK] python-backend/proxy.py
[deepseekcoder] [OK] old/docker-compose.yml
[deepseekcoder] [OK] java-backend/pom.xml
[deepseekcoder] [OK] old/Dockerfile
[deepseekcoder] [OK] java-backend/src/main/java/com/example/BlogController.java
[deepseekcoder] [OK] java-backend/src/main/java/com/example/pom.xml
[deepseekcoder] [OK] old/init-wordpress-db.sh
[deepseekcoder] [OK] java-backend/src/main/java/com/example/BlogApp.java
